CNT_NAME,REG_NAME,ACCOM_NAME,ACCOM_REV_POS,ACCOM_REV_NEG,score
뉴질랜드,오클랜드,LyLo Auckland,1,0,4.29
뉴질랜드,오클랜드,Imagine Beach Road,1,0,4.29
뉴질랜드,오클랜드,더 애틱 백패커스 (The Attic Backpackers ),2,0,4.32
뉴질랜드,오클랜드,SkyCity Hotel,20,4,4.21
뉴질랜드,오클랜드,아바니 오클랜드 메트로폴리스 레지던스 (Avani Auckland Metropolis Residences),29,5,4.26
뉴질랜드,오클랜드,프레지던트 호텔 오클랜드 (President Hotel Auckland),23,14,3.53
뉴질랜드,오클랜드,오클랜드 시티 호텔 (Auckland City Hotel),27,4,4.31
뉴질랜드,오클랜드,와이엠씨에이 호스텔 (YMCA Hostel),33,11,3.92
뉴질랜드,오클랜드,크라운 플라자 오클랜드 (Crowne Plaza Auckland),7,0,4.44
뉴질랜드,오클랜드,키위 인터내셔널 호텔 (Kiwi International Hotel),21,18,3.25
뉴질랜드,퀸스타운,멜번 로지 (Melbourne Lodge),24,3,4.36
뉴질랜드,퀸스타운,홀리데이 인 익스프레스 앤 스위트 퀸스타운 (Holiday Inn Express And Suites Queenstown),13,2,4.29
뉴질랜드,퀸스타운,YHA 퀸스타운 레이크프론트 (YHA Queenstown Lakefront),8,1,4.31
뉴질랜드,퀸스타운,노마드 퀸스타운 호텔 (Nomads Queenstown Hotel),25,18,3.36
뉴질랜드,퀸스타운,미-패드 스마트 호텔 (mi-pad Smart Hotel),4,1,4.21
뉴질랜드,퀸스타운,코로네이션 로지 (Coronation Lodge),6,0,4.42
뉴질랜드,퀸스타운,알렉시스 모텔 앤 아파트먼트 (Alexis Motels and Apartments),8,0,4.46
뉴질랜드,퀸스타운,스위스-벨스위트 포우나무 퀸스타운 (Swiss-BelSuites Pounamu Queenstown),15,7,3.83
뉴질랜드,퀸스타운,윈덤 가든 퀸스타운 (Wyndham Garden Queenstown),2,0,4.32
뉴질랜드,크라이스트처치,호텔 기브 (Hotel Give),36,8,4.15
뉴질랜드,크라이스트처치,브레이크프리 온 캐셀 크라이스트처치 (BreakFree on Cashel Christchurch),9,9,3.45
뉴질랜드,크라이스트처치,크라이스트처치 시티 호텔 (Christchurch City Hotel),4,0,4.37
뉴질랜드,크라이스트처치,센터 포인트 온 콜롬보 모텔 (CentrePoint on Colombo Motel),7,0,4.44
뉴질랜드,크라이스트처치,이비스 크라이스트처치 (ibis Christchurch),8,2,4.17
뉴질랜드,크라이스트처치,어반즈 어코모데이션 크라이스트처치 (Urbanz Accommodation Christchurch),8,0,4.46
뉴질랜드,크라이스트처치,수디마 크라이스트처치 공항 (Sudima Christchurch Airport),35,4,4.41
뉴질랜드,크라이스트처치,"샤토 온 더 파크 - 크라이스트처치, 어 더블 트리 바이 힐튼 (Chateau on the Park - Christchurch, a DoubleTree by Hilton)",2,1,4.14
뉴질랜드,크라이스트처치,노보텔 크라이스트처치 에어포트 (Novotel Christchurch Airport),6,1,4.26
뉴질랜드,웰링턴,오크스 웰링턴 호텔 (Oaks Wellington Hotel),6,0,4.42
뉴질랜드,웰링턴,Rydges Wellington Airport,2,0,4.32
뉴질랜드,웰링턴,길머 아파트먼트 호텔 (Gilmer Apartment Hotel),1,1,4.11
뉴질랜드,웰링턴,브렌트우드 호텔 (Brentwood Hotel),1,0,4.29
뉴질랜드,웰링턴,Microtel by Wyndham Wellington,52,4,4.54
뉴질랜드,웰링턴,인터컨티넨탈 웰링턴 (InterContinental Wellington),1,0,4.29
뉴질랜드,웰링턴,호텔 워털루 앤 백패커 (Hotel Waterloo & Backpackers),6,3,3.98
뉴질랜드,웰링턴,이비스 웰링턴 (ibis Wellington),5,0,4.4
뉴질랜드,웰링턴,트래블로지 호텔  웰링톤 (Travelodge Hotel Wellington),1,1,4.11
뉴질랜드,웰링턴,YHA 웰링턴 (YHA Wellington),10,1,4.35
대만,타이베이,시저 메트로 타이베이 (Caesar Metro Taipei),21,7,3.97
대만,타이베이,시저 파크 호텔 반차오 (Caesar Park Hotel Banqiao),17,10,3.64
대만,타이베이,호텔 참 참 - 타이베이 (HOTEL CHAM CHAM - Taipei),21,6,4.05
대만,타이베이,호텔 릴렉스 5 (Hotel Relax 5),18,9,3.74
대만,타이베이,타이페이 인터내셔널 호텔 (Taipei International Hotel),9,5,3.84
대만,타이베이,시티즌M 타이베이 노스 게이트 (citizenM Taipei North Gate),16,9,3.69
대만,타이베이,호텔 미드타운 리차드슨 (Hotel Midtown Richardson),18,9,3.74
대만,타이베이,로더스 플러스 호텔 테마 (Roaders Plus Hotel Theme),24,3,4.36
대만,가오슝,그리트 인 (GREET INN),23,4,4.26
대만,가오슝,Hotel YAM LAGOM,14,0,4.55
대만,가오슝,HOTEL YOSHI KAOHSIUNG,6,1,4.26
대만,가오슝,로얄 리스 호텔 (The Lees Hotel),19,8,3.84
대만,가오슝,더 클라우드 호텔 (The Cloud Hotel),16,9,3.69
대만,가오슝,에어라인 인 - 가오슝 스테이션 (Airline Inn - Kaohsiung Station ),24,2,4.45
대만,가오슝,inns hotel,19,6,4.01
대만,가오슝,호텔 두아 (Hotel Dua),18,5,4.08
대만,가오슝,호텔 미드타운 리처드슨 - 카오슝 보 아이 (Hotel Midtown Richardson - Kaohsiung Bo Ai),18,9,3.74
대만,화롄,Lakeshore Hotel Hualien Taroko,4,0,4.37
대만,화롄,메시 호텔 (Meci Hotel),16,3,4.23
대만,화롄,TC HOTEL HUALIEN ZHONG XIAO,5,0,4.4
대만,화롄,이 위안 리조트 (Yi Yuan Resort),1,0,4.29
대만,화롄,레이크쇼 Hotel 화롄 (Lakeshore Hotel Hualien),9,1,4.33
대만,화롄,저스트 슬립 화롄 종정 (Just Sleep Hotel Hualien Zhongzheng),10,0,4.49
대만,화롄,파크 시티 호텔 - 화롄 베케이션 (Park City Hotel - Hualien Vacation),16,2,4.34
대만,화롄,호텔데이 플러스 화롄 (Hotelday Plus Hualien),15,1,4.44
대만,화롄,화롄 퉁 마오 리조트 (HUALIEN TOONG MAO RESORT),19,1,4.5
대만,타이난,LakeShore Hotel Tainan,15,4,4.11
대만,타이난,호텔 타이난 (Hotel Tainan),12,7,3.74
대만,타이난,그랜드 반얀 호텔 (Grand Banyan Hotel),16,0,4.57
대만,타이난,젠다 스위트 (Zenda Suites),1,0,4.29
대만,타이난,더 레트로 타이판 (The Retro Tai-Pan),15,1,4.44
대만,타이난,Hotel A Tainan,9,0,4.48
대만,타이난,"샹그릴라 파 이스턴 플라자 타이난 (Shangri-La Far Eastern Plaza, Tainan)",3,1,4.18
대만,타이난,Provintia Hotel,17,8,3.79
대만,타이난,샤토 리시 호텔 (Chateau Rich Hotel),3,0,4.35
대만,타이난,타이펑 스위트 호텔 (Taipung Suites Hotel),8,0,4.46
독일,베를린,모비주 호텔 (Monbijou Hotel),35,1,4.64
독일,베를린,인터콘티넨탈 베를린 (InterContinental Berlin),3,0,4.35
독일,베를린,더 서커스 호스텔 (The Circus Hostel),34,8,4.12
독일,베를린,그랜드 호스텔 베를린 클래식 (Grand Hostel Berlin Classic),8,8,3.5
독일,베를린,Hotel Indigo Berlin – Ku’damm,23,0,4.64
독일,베를린,파크 인 바이 래디슨 베를린 알렉산더플라츠 (Park Inn by Radisson Berlin Alexanderplatz),28,9,3.96
독일,베를린,제너레이터 베를린 미테 (Generator Berlin Mitte),58,19,3.87
독일,베를린,오칵 호텔 (Ocak Hotel),39,5,4.37
독일,베를린,이비스 베를린 하우트반호프 (ibis Berlin Hauptbahnhof),10,0,4.49
독일,베를린,호텔 아마노 그랜드 센트럴 (Hotel AMANO Grand Central),33,1,4.62
독일,뮌헨,목시 뮌헨 에어포트 (Moxy Munich Airport),7,1,4.29
독일,뮌헨,NH 컬렉션 뮌헨 바바리아 (NH Collection Munchen Bavaria),12,2,4.27
독일,뮌헨,Bayer 89 Vi Vadi Hotel,79,10,4.4
독일,뮌헨,플레밍 호텔 뮌헨 슈바빙 (Fleming's Hotel Munich Schwabing),6,0,4.42
독일,뮌헨,"Flightgate Munich Airport Hotel, a member of Radisson Individuals",1,0,4.29
독일,뮌헨,슈완 로케 (Schwan Locke),8,2,4.17
독일,뮌헨,AdvaStay by KING's,14,2,4.31
독일,뮌헨,알로프트 뮌헨 (Aloft Munich),8,0,4.46
독일,프랑크푸르트,인터시티호텔 프랑크푸르트 하우프트반호프 (IntercityHotel Frankfurt Hauptbahnhof),85,13,4.32
독일,프랑크푸르트,a&o 프랑크푸르트 갈루스바르테 (a&o Frankfurt Galluswarte),39,19,3.6
독일,프랑크푸르트,Flemings Hotel Frankfurt-Central former Flemings Express Frankfurt,78,24,3.9
독일,프랑크푸르트,쉐라톤 프랑크푸르트 에어포트 호텔 앤 컨퍼런스 센터 (Sheraton Frankfurt Airport Hotel and Conference Center),4,1,4.21
독일,프랑크푸르트,Park Inn by Radisson Frankfurt Airport Hotel,7,2,4.15
독일,프랑크푸르트,플레밍스 셀렉션 호텔 프랑크푸르트-시티 (Fleming's Selection Hotel Frankfurt-City),18,3,4.27
독일,프랑크푸르트,사보이 호텔 (Savoy Hotel),61,39,3.26
독일,프랑크푸르트,NH 콜렉션 프랑푸르크 시티 (NH Collection Frankfurt City),6,0,4.42
독일,프랑크푸르트,힐튼 가든 인 프랑크푸르트 에어포트 (Hilton Garden Inn Frankfurt Airport),35,10,4.01
독일,함브루크,A&O 함부르크 해머 키르헤 (A&O Hamburg Hammer Kirche),52,5,4.48
독일,함브루크,더 니우 케크 (the niu Keg),6,0,4.42
독일,함브루크,NH 함부르크 호르너 렌반 (NH Hamburg Horner Rennbahn),52,1,4.72
독일,함브루크,이비스 버짓 함부르크 시티 오스트 (Ibis budget Hamburg City Ost),1,0,4.29
독일,함브루크,베스트 웨스턴 호텔 함부르크 인터내셔널 (Best Western Hotel Hamburg International),1,0,4.29
독일,함브루크,이비스 함부르크 알스터링 (iBis Hamburg Alsterring),1,0,4.29
마카오,윈 팰리스 리조트,더 블랙 도그 인 (The Black Dog Inn),1,0,4.29
마카오,샌즈 코타이 센트럴,더 파리지안 마카오 (The Parisian Macao),15,9,3.66
마카오,샌즈 코타이 센트럴,Sheraton Grand Macao,18,9,3.74
마카오,샌즈 코타이 센트럴,더 베네치안 마카오 (The Venetian Macao),21,4,4.23
마카오,샌즈 코타이 센트럴,MGM COTAI,20,3,4.3
마카오,샌즈 코타이 센트럴,스튜디오 시티 호텔 (Studio City Hotel),16,13,3.39
마카오,샌즈 코타이 센트럴,Grand Lisboa Palace Macau,18,6,3.99
마카오,샌즈 코타이 센트럴,리스보에타 마카오 (Lisboeta Macau),15,3,4.22
마카오,샌즈 코타이 센트럴,Grand Hyatt Macau,14,10,3.55
마카오,샌즈 코타이 센트럴,W Macau - Studio City,1,0,4.29
마카오,샌즈 코타이 센트럴,콘래드 마카오 (Conrad Macao),22,5,4.15
마카오,세인트 폴 성당 유적,호텔 리스보아 (Hotel Lisboa),17,10,3.64
마카오,세인트 폴 성당 유적,소피텔 마카오 앳 폰테 16 호텔 (Sofitel Macau at Ponte 16 Hotel),20,7,3.95
마카오,세인트 폴 성당 유적,호텔 로얄 마카오 (Hotel Royal Macau),20,9,3.79
마카오,세인트 폴 성당 유적,Belive&More,18,6,3.99
마카오,세인트 폴 성당 유적,그랜드 엠퍼러 호텔 (Grand Emperor Hotel),13,8,3.68
마카오,세인트 폴 성당 유적,홀리데이 인 마카오 (Holiday Inn Macau),15,6,3.92
마카오,세인트 폴 성당 유적,홀리데이 인 익스프레스 마카오 시티 센터 (Holiday Inn Express Macau City Centre),5,0,4.4
마카오,세인트 폴 성당 유적,메트로파크 호텔 (Metropark Hotel),17,7,3.88
마카오,세인트 폴 성당 유적,그랜드 리스보아 호텔 (Grand Lisboa Hotel),20,4,4.21
말레이시아,쿠알라룸푸르,Deface Platinum 2 Kuala Lumpur,54,17,3.91
말레이시아,쿠알라룸푸르,힐튼 쿠알라룸푸르 (Hilton Kuala Lumpur),90,15,4.28
말레이시아,쿠알라룸푸르,디페이스 플래티넘 쿠알라룸푸르 (DeFace Platinum Kuala Lumpur),64,29,3.59
말레이시아,쿠알라룸푸르,더 그랜드 캠벨 호텔 쿠알라룸푸르 (The Grand Campbell Hotel Kuala Lumpur),2,1,4.14
말레이시아,쿠알라룸푸르,알로프트 쿠알라룸푸르 센트랄 (Aloft Kuala Lumpur Sentral),67,7,4.47
말레이시아,쿠알라룸푸르,JW 메리어트 호텔 쿠알라룸푸르 (JW Marriott Hotel Kuala Lumpur),41,9,4.15
말레이시아,쿠알라룸푸르,Park Inn by Radisson Putrajaya,92,13,4.36
말레이시아,쿠알라룸푸르,Grand Hyatt Kuala Lumpur,70,6,4.53
말레이시아,쿠알라룸푸르,아르테 바이 토마스 챤 (Arte by Thomas Chan),5,1,4.24
말레이시아,코타키나발루,더 마젤란 수테라 리조트 (The Magellan Sutera Resort),65,44,3.19
말레이시아,코타키나발루,코타 키나발루 메리어트 호텔 (Kota Kinabalu Marriott Hotel),78,24,3.9
말레이시아,코타키나발루,호라이즌 호텔 코타키나발루 (Horizon Hotel Kota Kinabalu),81,23,3.96
말레이시아,코타키나발루,키나발루 다야 호텔 (Kinabalu Daya Hotel),54,35,3.27
말레이시아,코타키나발루,Hyatt Centric Kota Kinabalu,54,0,4.79
말레이시아,코타키나발루,하얏트 리젠시 키나발루 (Hyatt Regency Kinabalu),73,24,3.85
말레이시아,코타키나발루,힐튼 코타키나발루 (Hilton Kota Kinabalu),88,21,4.07
말레이시아,코타키나발루,마리나 트래블러스 스위트 @ 리버슨 소호 (Marina Travellers Suite @ Riverson SOHO),11,11,3.37
말레이시아,코타키나발루,"중심업무지구의 아파트먼트 (68m², 침실 2개, 프라이빗 욕실 1개) (Sunset Seaview Vacation Condos @ Infinity Avenue)",50,25,3.54
말레이시아,랑카위,파크로얄 랑카위 리조트 (PARKROYAL Langkawi Resort),10,1,4.35
말레이시아,랑카위,더 웨스틴 랑카위 리조트 앤 스파 (The Westin Langkawi Resort & Spa),10,4,3.99
말레이시아,랑카위,샌디 비치 리조트 바이 카사 로마 (Sandy Beach Resort by Casa Loma),3,11,3.0
말레이시아,랑카위,선셋 비치 리조트 (Sunset Beach Resort),2,3,3.83
말레이시아,랑카위,더 세인트 레지스 랑카위 (The St. Regis Langkawi),1,0,4.29
말레이시아,랑카위,프랜기파니 랑카위 리조트 (Frangipani Langkawi Resort),37,9,4.1
말레이시아,랑카위,"펠랑기 비치 리조트 앤 스파 랑카위 (Pelangi Beach Resort & Spa, Langkawi)",60,29,3.54
말레이시아,랑카위,알로프트 랑카위 판타이 텡가 (Aloft Langkawi Pantai Tengah),15,3,4.22
말레이시아,랑카위,나흐도 랑카위 리조트 (Nahdhoh Langkawi Resort),0,1,4.07
말레이시아,랑카위,선셋 베이 코티지 (Sunset Bay Cottage),3,0,4.35
말레이시아,말라카,하텐 호텔 멜라카 (Hatten Hotel Melaka),58,29,3.52
말레이시아,말라카,존케레드 헤리티지 호텔 (JonkeRED Heritage Hotel),21,3,4.32
말레이시아,말라카,Imperial Heritage Boutique & Gourmet Hotel Melaka,53,25,3.58
말레이시아,말라카,카이젠 호텔 앤 스위트 말라카 (Kaizen Hotel  & Suites Melaka),79,12,4.32
말레이시아,말라카,더블트리 바이 힐튼 호텔 말라카 (DoubleTree by Hilton Hotel Melaka),9,3,4.07
말레이시아,말라카,홀리데이 인 멜라카 (Holiday Inn Melaka),26,9,3.92
말레이시아,말라카,카사 델 리오 멜라카 호텔 (Casa del Rio Melaka Hotel),61,7,4.43
말레이시아,말라카,바바 하우스 말라카 (Baba House Melaka),13,2,4.29
말레이시아,말라카,19th Century Boutique Hotel,1,0,4.29
말레이시아,말라카,HEEREN BY THE RIVER HOTEL,49,6,4.4
멕시코,멕시코시티,호텔 PF (Hotel PF),3,0,4.35
멕시코,칸쿤,Hilton Garden Inn Cancun Airport,3,2,4.02
멕시코,칸쿤,호텔 루마 바이 카비아 (Hotel Luma by Kavia),19,4,4.19
멕시코,칸쿤,호텔 카사 마야 (Hotel Casa Maya),2,0,4.32
멕시코,칸쿤,TRS 코럴 호텔 - 성인 전용 - 올 인클루시브 (TRS Coral Hotel - Adults Only - All Inclusive),21,7,3.97
멕시코,칸쿤,윈덤 가든 칸쿤 다운타운 (Wyndham Garden Cancun Downtown),1,1,4.11
멕시코,칸쿤,"GR 카리베 바이 솔라리스, 디럭스 올 인클루시브 리조트 (GR Caribe By Solaris, Deluxe All Inclusive Resort)",6,1,4.26
멕시코,칸쿤,호텔 산타 마리아 (Hotel Santa Maria),14,6,3.89
멕시코,칸쿤,크리스탈 캉쿤 (Krystal Cancun),14,3,4.2
멕시코,칸쿤,셀리나 칸쿤 다운타운 (Selina Cancun Downtown),1,2,3.94
멕시코,툴룸,Mayan Monkey Tulum - Adults Only,15,1,4.44
멕시코,툴룸,알로프트 툴룸 (Aloft Tulum),1,0,4.29
멕시코,툴룸,The Waves Tulum,16,0,4.57
멕시코,툴룸,TRS 유카탄 호텔 - 성인 전용 - 올 인클루시브 (TRS Yucatan Hotel - Adults Only - All Inclusive),3,0,4.35
멕시코,툴룸,누에 툴룸 (Nuee Tulum),5,0,4.4
멕시코,툴룸,Eterna Tulum,1,0,4.29
멕시코,툴룸,KASA Hotel Kuyen - Adults Only,1,0,4.29
멕시코,툴룸,파파야 플라야 프로젝트 (Papaya Playa Project),2,0,4.32
멕시코,프라야델카르멘,프라야 팜스 비치 호텔 (Playa Palms Beach Hotel),12,0,4.52
멕시코,프라야델카르멘,라 파시온 호텔 부티크 바이 부니크 (La Pasion Hotel Boutique by Bunik),2,0,4.32
멕시코,프라야델카르멘,Aloft Playa del Carmen,1,0,4.29
멕시코,프라야델카르멘,"Viva Maya by Wyndham, A Trademark All Inclusive Resort",15,0,4.56
멕시코,프라야델카르멘,호텔 HM 플라야 델 카르멘 (Hotel HM Playa del Carmen),3,0,4.35
멕시코,프라야델카르멘,"더 리프 28 - 성인 전용, 올 스위트, 미식 옵션 올인클루시브 (The Reef 28, Adults Only, All Suites, Optional Gourmet All Inclusive)",19,1,4.5
멕시코,프라야델카르멘,세레니티 호텔 부티크 (Serenity Hotel Boutique),16,0,4.57
멕시코,프라야델카르멘,더 파이브스 다운타운 호텔 앤 레지던스 큐리오 컬렉션 바이 힐튼 (The Fives Downtown Hotel and Residences Curio Collection by Hilton),6,0,4.42
몽골,울란바토르,더 그랜드 힐 호텔 울란바토르 (The Grand Hill Hotel Ulaanbaatar),58,5,4.52
몽골,울란바토르,Ramada by Wyndham Ulaanbaatar Citycenter,42,11,4.05
몽골,울란바토르,H9 호텔 나인 울란바토르 (H9 Hotel Nine Ulaanbaatar),29,4,4.34
몽골,울란바토르,칭기스 칸 호텔 (Chinggis Khaan Hotel),32,15,3.67
몽골,울란바토르,Millennium Plaza Hotel & Mall Ulaanbaatar,6,0,4.42
몽골,울란바토르,스프링 호텔 (Springs Hotel),16,8,3.77
몽골,울란바토르,졸로 호텔 (Zolo Hotel),9,7,3.64
몽골,카라코룸,졸로 호텔 (Zolo Hotel),9,7,3.64
몽골,카라코룸,나란툴 호텔 (Narantuul Hotel),1,0,4.29
몽골,카라코룸,더 코퍼레이트 호텔 (The Corporate Hotel),23,10,3.79
몽골,카라코룸,바얀골 호텔 (Bayangol Hotel),2,0,4.32
몽골,카라코룸,"바얀골의 아파트먼트 (90m², 침실 2개, 프라이빗 욕실 1개) (Cozy65)",3,0,4.35
미국,뉴욕,호스텔링 인터내셔널 뉴 욕 (Hostelling International New York),73,22,3.92
미국,뉴욕,손더 앳 플랫아이언 (Sonder at Flatiron),0,1,4.07
미국,뉴욕,포드 타임스 스퀘어 (Pod Times Square),40,6,4.32
미국,뉴욕,윈덤 가든 롱 아일랜드 시티 (Wyndham Garden Long Island City),2,3,3.83
미국,뉴욕,밀레니엄 프리미어 뉴욕 타임 스퀘어 (Millennium Premier New York Times Square),0,1,4.07
미국,뉴욕,Pod 39,6,2,4.12
미국,뉴욕,웨스트 사이드 YMCA 호스텔 (West Side YMCA Hostel),12,14,3.19
미국,뉴욕,포드 51 (Pod 51),16,3,4.23
미국,뉴욕,Morris Guest House - Adults Only,22,4,4.24
미국,뉴욕,Nesva Hotel,16,4,4.13
미국,로스엔젤레스,프리핸드 로스앤젤레스 (Freehand Los Angeles),19,6,4.01
미국,로스엔젤레스,InterContinental - Los Angeles Downtown,53,22,3.69
미국,로스엔젤레스,Stuart Hotel - Adults Only,1,1,4.11
미국,로스엔젤레스,Hotel Indigo Los Angeles Downtown,9,4,3.96
미국,로스엔젤레스,The Delphi,1,2,3.94
미국,로스엔젤레스,가와다 (Kawada Hotel),6,3,3.98
미국,로스엔젤레스,The Biltmore Los Angeles,31,14,3.71
미국,로스엔젤레스,E 센트럴 호텔 다운타운 로스앤젤레스 (E Central Hotel Downtown Los Angeles),4,2,4.05
미국,로스엔젤레스,더 혹스턴 다운타운 LA (The Hoxton Downtown LA),0,4,3.59
미국,라스베이거스,플라밍고 라스베이거스 (Flamingo Las Vegas),59,40,3.21
미국,라스베이거스,호스슈 라스베이거스 - 구. 발리스 (Horseshoe Las Vegas “Formerly Bally’s”),72,24,3.84
미국,라스베이거스,The Cosmopolitan of Las Vegas,72,25,3.81
미국,라스베이거스,패리스 라스베이거스 (Paris Las Vegas),61,32,3.46
미국,라스베이거스,"Virgin Hotels Las Vegas, Curio Collection by Hilton",6,9,3.33
미국,라스베이거스,엑스칼리버 호텔 (Excalibur Hotel),47,41,2.98
미국,라스베이거스,Rio Hotel And Casino,12,19,2.88
미국,라스베이거스,하라스 라스베이거스 호텔 (Harrah's Las Vegas Hotel),19,12,3.55
미국,라스베이거스,플래닛 할리우드 리조트 앤 카지노 (Planet Hollywood Resort & Casino),54,22,3.71
미국,라스베이거스,서린 베이거스 부티크 호텔 (Serene Vegas Boutique Hotel),8,3,4.05
미얀마,양곤,후드 호스텔 (HOOD Hostel),22,3,4.33
미얀마,양곤,제말락스 호텔 앤 레지던스 (Zealax Hotel & Residence),1,1,4.11
미얀마,양곤,체리 힐스 호텔 (Cherry Hills Hotel),70,0,4.83
미얀마,양곤,미얀안다르 레지던스 호텔 (Myanandar Residence Hotel),5,1,4.24
미얀마,양곤,호텔 발미 (Hotel Balmi),16,4,4.13
미얀마,양곤,에스페라도 레이크뷰 호텔 (Esperado Lake View Hotel),47,16,3.86
미얀마,양곤,K.C 레지던스 (K.C Residence),19,6,4.01
미얀마,양곤,윈덤 그랜드 양곤 호텔 (Wyndham Grand Yangon Hotel),19,11,3.62
미얀마,양곤,121 호텔 (121 Hotel),4,0,4.37
미얀마,양곤,퀸 신 소 푸 호텔 (Queen Shin Saw Pu Hotel),9,2,4.2
미얀마,만달레이,오스텔로 벨로 만달레이 (Ostello Bello Mandalay),16,3,4.23
미얀마,만달레이,E-아웃피팅 골든 컨트리 호텔 (E-outfitting Golden Country Hotel),10,7,3.67
미얀마,만달레이,로얄 펄 호텔 (Royal Pearl Hotel),16,5,4.04
미얀마,만달레이,더 홈 호텔 (The Home Hotel),17,3,4.25
미얀마,만달레이,79 리빙 호텔 (79 Living Hotel),15,7,3.83
미얀마,만달레이,카웅 민트 호텔 (Kaung Myint Hotel),2,4,3.69
미얀마,만달레이,호텔 호미 만달레이 (Hotel Homey Mandalay),3,0,4.35
미얀마,만달레이,드래곤 피닉스 호텔 (Dragon Phoenix Hotel),5,0,4.4
미얀마,만달레이,호텔 뉴 웨이브 (Hotel New Wave),16,3,4.23
미얀마,만달레이,더 링크 78 만달레이 부티크 호텔 (The Link 78 Mandalay Boutique Hotel),8,4,3.92
미얀마,낭우,로얄 바간 호텔 (Royal Bagan Hotel),56,23,3.7
미얀마,낭우,더 호텔 @ 타라바 게이트 (The Hotel @ Tharabar Gate),8,1,4.31
미얀마,낭우,어메이징 바간 리조트 (Amazing Bagan Resort),21,4,4.23
미얀마,낭우,골든 미얀마 게스트하우스 (Golden Myanmar Guest House),4,0,4.37
미얀마,낭우,Aureum Palace Hotel & Resort Bagan,1,0,4.29
미얀마,낭우,헤리티지 바간 호텔 (Heritage Bagan Hotel),14,0,4.55
미얀마,낭우,스카이 뷰 호텔 (Sky View Hotel),58,5,4.52
미얀마,낭우,바간 움브라 호텔 (Bagan Umbra Hotel),21,4,4.23
미얀마,바간,스카이 뷰 호텔 (Sky View Hotel),58,5,4.52
미얀마,바간,헤리티지 바간 호텔 (Heritage Bagan Hotel),14,0,4.55
미얀마,바간,바간 티리피차야 생추어리 리조트 (Bagan Thiripyitsaya Sanctuary Resort),10,2,4.22
미얀마,바간,바간 움브라 호텔 (Bagan Umbra Hotel),21,4,4.23
미얀마,바간,Aureum Palace Hotel & Resort Bagan,1,0,4.29
미얀마,바간,로얄 바간 호텔 (Royal Bagan Hotel),56,23,3.7
미얀마,바간,"바간 탄데 호텔, 올드 바간 (Bagan Thande Hotel, Old Bagan)",15,6,3.92
미얀마,바간,골든 미얀마 게스트하우스 (Golden Myanmar Guest House),4,0,4.37
베트남,호치민시티,서머셋 호치민시티 서비스 레지던스 (Somerset Ho Chi Minh City Serviced Residence),20,6,4.03
베트남,호치민시티,서머셋 챈슬러 코트 서비스 레지던스 (Somerset Chancellor Court Serviced Residence),21,3,4.32
베트남,호치민시티,Signature by M Village Lê Thánh Tôn,19,3,4.29
베트남,호치민시티,롯데 호텔 사이공 (Lotte Hotel Saigon),26,3,4.39
베트남,호치민시티,아코야 사이공 센트럴 호텔 (Akoya Saigon Central Hotel),26,2,4.48
베트남,호치민시티,오크우드 레지던스 사이공 (Oakwood Residence Saigon),20,6,4.03
베트남,호치민시티,퓨전 오리지널 사이공 센터 (Fusion Original Saigon Centre),22,3,4.33
베트남,호치민시티,Wink Hotel Saigon Centre - Full 24hrs stay upon check-in,22,3,4.33
베트남,호치민시티,La Siesta Premium Sai Gon,23,2,4.44
베트남,호치민시티,랭커스터 사이공 서비스 아파트먼트 르 탄 톤 (Lancaster Saigon Serviced Apartments Le Thanh Ton),15,2,4.33
베트남,하노이,롯데 호텔 하노이 (Lotte Hotel Hanoi),23,4,4.26
베트남,하노이,포츄나 호텔 하노이 (Fortuna Hotel Hanoi),17,8,3.79
베트남,하노이,La Siesta Classic Hang Thung,22,1,4.53
베트남,하노이,하노이 에메랄드 워터 호텔 앤 스파 (Hanoi Emerald Waters Hotel and Spa),20,6,4.03
베트남,하노이,Oakwood Residence Hanoi,21,7,3.97
베트남,하노이,하노이 대우 호텔 (Hanoi Daewoo Hotel),17,9,3.71
베트남,하노이,더 오리엔탈 제이드 호텔 (The Oriental Jade Hotel),22,3,4.33
베트남,하노이,서머셋 그랜드 하노이 서비스 레지던스 (Somerset Grand Hanoi Serviced Residences),18,7,3.9
베트남,하노이,오로라 프리미엄 호텔 앤 스파 (Aurora Premium Hotel & Spa),19,5,4.1
베트남,나트랑,리게일리어 골드 호텔 (Regalia Gold Hotel),16,10,3.61
베트남,나트랑,버고 호텔 (Virgo Hotel),21,5,4.14
베트남,나트랑,Alma Resort Cam Ranh,17,10,3.64
베트남,나트랑,SEAESTA NHA TRANG HOTEL,18,8,3.82
베트남,나트랑,하바나 나트랑 호텔 (Havana Nha Trang Hotel),18,9,3.74
베트남,나트랑,Boma Resort Nha Trang,20,7,3.95
베트남,나트랑,Amiana Resort Nha Trang,17,11,3.56
베트남,나트랑,디셈버 호텔 (December Hotel),20,7,3.95
베트남,나트랑,사타 호텔 (Sata Hotel),22,5,4.15
베트남,나트랑,다이아몬드 베이 호텔 (Diamond Bay Hotel),17,10,3.64
베트남,다낭,살라 다낭 비치 호텔 (SALA DANANG BEACH HOTEL),16,9,3.69
베트남,다낭,TMS 호텔 다낭 비치 (TMS Hotel Da Nang Beach),14,9,3.63
베트남,다낭,BAY CAPITAL DA NANG,24,1,4.55
베트남,다낭,Seahorse Han Market Danang Hostel by Haviland,20,4,4.21
베트남,다낭,노보텔 다낭 프리미어 한리버 (Novotel Danang Premier Han River),21,6,4.05
베트남,다낭,하이안 비치 호텔 앤 스파 (HAIAN Beach Hotel & Spa),14,7,3.8
베트남,다낭,신라 모노그램 꽝남 다낭 (Shilla Monogram Quangnam Danang),20,7,3.95
베트남,다낭,푸라마 리조트 다낭 (Furama Resort Danang),17,11,3.56
베트남,다낭,울랄라니 리조트 앤 콘도텔 (Olalani Resort and Condotel),16,10,3.61
베트남,다낭,아보라 부티크 호텔 (AVORA Boutique Hotel),20,9,3.79
스페인,바르셀로나,센터 에스플라이 알베르게 (Centre Esplai Albergue),23,18,3.3
스페인,바르셀로나,호텔 라 카사 델 솔 (Hotel La Casa del Sol),4,0,4.37
스페인,바르셀로나,호스텔 세인트 크리스토퍼스 바르셀로나 (Hostel St Christophers Barcelona),72,35,3.51
스페인,바르셀로나,ZT 더 골든 호텔 바르셀로나 (ZT The Golden Hotel Barcelona),19,1,4.5
스페인,바르셀로나,호텔 바르셀로나 아에로푸에르토 바이 멜리아 (Hotel Barcelona Aeropuerto By Melia),14,4,4.09
스페인,바르셀로나,예 바르셀로나 호스텔 (Yeah Barcelona Hostel),31,3,4.44
스페인,바르셀로나,"Radisson Blu 1882 Hotel, Barcelona Sagrada Familia",9,0,4.48
스페인,바르셀로나,에어호스텔 바르셀로나 에어포트 24h (Airhostel Barcelona Airport 24h),43,8,4.23
스페인,바르셀로나,TOC 호스텔 바르셀로나 (TOC Hostel Barcelona),71,30,3.64
스페인,바르셀로나,호텔 콘스탄자 (Hotel Constanza),15,1,4.44
스페인,마드리드,톡 호스텔 마드리드 (TOC Hostel Madrid),72,28,3.72
스페인,마드리드,"Círculo Gran Vía, Autograph Collection",1,0,4.29
스페인,마드리드,파 홈 아토차 (Far Home Atocha),21,4,4.23
스페인,마드리드,스털링 호텔 (Sterling Hotel),6,6,3.62
스페인,마드리드,Onefam Sungate,18,0,4.6
스페인,마드리드,"래디슨 블루 호텔, 마드리드 프라도 (Radisson Blu Hotel, Madrid Prado)",2,0,4.32
스페인,마드리드,블루삭 호스텔 마드리드 (Bluesock Hostels Madrid),24,9,3.88
스페인,마드리드,프린시페 피오 (Principe Pio),9,0,4.48
스페인,세비야,톡 호스텔 세비야 (Toc Hostel Sevilla),50,8,4.3
스페인,세비야,"호텔 알폰소 XIII, 어 럭셔리 컬렉션 호텔, 세비야 (Hotel Alfonso XIII, a Luxury Collection Hotel, Seville)",2,1,4.14
스페인,세비야,NH 콜렉션 세비야 (NH Collection Sevilla),12,3,4.15
스페인,세비야,"Querencia de Sevilla, Autograph Collection",1,0,4.29
스페인,세비야,"Radisson Collection Hotel, Magdalena Plaza Sevilla",3,0,4.35
스페인,세비야,Ibis Styles Sevilla Santa Justa,32,2,4.53
스페인,세비야,Petit Palace Vargas,2,0,4.32
스페인,발렌시아,호텔 유로스타 레이 돈 하이메 (Hotel Eurostars Rey Don Jaime),5,1,4.24
스페인,발렌시아,세나토르 파르케 센트럴 호텔 (Senator Parque Central Hotel),2,0,4.32
스페인,발렌시아,Casual Vintage Valencia,23,0,4.64
스페인,발렌시아,HOTEL BOUTIQUE BALANDRET,6,0,4.42
스페인,발렌시아,호텔 빌라카를로스 (Hotel Villacarlos),50,2,4.65
스페인,발렌시아,포트 아자파타 발렌시아 (Port Azafata Valencia),1,0,4.29
슬로베니아,블레드,호텔 파크 - 사바 호텔 앤 리조트 (Hotel Park - Sava Hotels & Resorts),1,0,4.29
슬로베니아,블레드,호텔 콤파스 (Hotel Kompas),1,0,4.29
슬로베니아,블레드,올드 패리시 하우스 (Old Parish House),1,0,4.29
슬로베니아,블레드,호텔 로벡 (Hotel Lovec),0,1,4.07
슬로베니아,류블랴나,시티 호텔 리주발자나 (City Hotel Ljubljana),13,6,3.86
슬로베니아,류블랴나,비앤비 호텔 류블랴나 파크 (B&B Hotel Ljubljana Park),16,3,4.23
슬로베니아,류블랴나,ibis Styles Ljubljana The Fuzzy Log,8,1,4.31
슬로베니아,류블랴나,"래디슨 블루 플라자 호텔 류블랴나 (Radisson Blu Plaza Hotel, Ljubljana)",10,0,4.49
슬로베니아,류블랴나,Occidental Ljubliana,1,0,4.29
슬로베니아,류블랴나,홀리데이 인 익스프레스 류블랴나 (Holiday Inn Express Ljubljana),0,1,4.07
슬로베니아,류블랴나,어반 호텔 유블랴나 (Urban Hotel Ljubljana),3,1,4.18
슬로베니아,류블랴나,차 차 룸 (Cha cha rooms),3,0,4.35
슬로베니아,피란,호텔 피란 (Hotel Piran),4,0,4.37
슬로베니아,포르토로즈,호텔 피란 (Hotel Piran),4,0,4.37
슬로베니아,포르토로즈,호텔 빌 파크 (Hotel Vile Park),10,0,4.49
슬로베니아,포르토로즈,Hotel Neptun - LifeClass Hotels & Spa,16,2,4.34
싱가포르,오차드로드,요텔 싱가포르 오차드 로드 (YOTEL Singapore Orchard Road),69,28,3.68
싱가포르,오차드로드,York Hotel,79,25,3.88
싱가포르,오차드로드,힐튼 싱가포르 오차드 (Hilton Singapore Orchard),33,3,4.46
싱가포르,오차드로드,오차드 포인트 서비스 아파트먼트 (Orchard Point Serviced Apartments),9,1,4.33
싱가포르,오차드로드,바이브 호텔 싱가포르 오차드 (Vibe Hotel Singapore Orchard),10,2,4.22
싱가포르,오차드로드,호텔 챈슬러@오차드 (Hotel Chancellor@Orchard),32,30,3.01
싱가포르,오차드로드,호텔 그랜드 센트럴 (Hotel Grand Central),31,19,3.45
싱가포르,오차드로드,YWCA Fort Canning,55,34,3.32
싱가포르,오차드로드,Arena eSports @ Orchard,1,2,3.94
싱가포르,오차드로드,로얄 플라자 온 스코트 호텔 (Royal Plaza on Scotts Hotel),54,15,3.99
싱가포르,마리나 베이,Marina Bay Sands ,67,31,3.57
싱가포르,마리나 베이,"파크로얄 컬렉션 마리나 베이, 싱가포르 (PARKROYAL COLLECTION Marina Bay, Singapore)",82,24,3.93
싱가포르,마리나 베이,팬 퍼시픽 싱가포르 (Pan Pacific Singapore),83,15,4.24
싱가포르,마리나 베이,더 풀러턴 호텔 (The Fullerton Hotel),85,11,4.4
싱가포르,마리나 베이,콘래드 센테니얼 싱가포르 (Conrad Centennial Singapore),85,6,4.59
싱가포르,마리나 베이,"리츠칼튼, 밀레니아 싱가포르 (The Ritz-Carlton, Millenia Singapore)",86,7,4.56
싱가포르,마리나 베이,더 풀러턴 베이 호텔 (The Fullerton Bay Hotel),45,3,4.55
싱가포르,마리나 베이,만다린 오리엔탈 싱가포르 (Mandarin Oriental Singapore),77,12,4.31
싱가포르,마리나 베이,Garden Pod @ Gardens by the Bay,10,0,4.49
싱가포르,차이나타운,Mondrian Singapore Duxton,1,0,4.29
싱가포르,차이나타운,도르셋 싱가포르 (Dorsett Singapore),68,18,4.01
싱가포르,차이나타운,Hotel 1900 @ Chinatown,2,2,3.98
싱가포르,차이나타운,버터넛 트리 호텔 (Butternut Tree Hotel),26,15,3.54
싱가포르,차이나타운,푸라마 시티 센터 호텔 (Furama City Centre Hotel),62,42,3.2
싱가포르,차이나타운,D’Hotel Singapore managed by The Ascott Limited,3,0,4.35
싱가포르,차이나타운,Hotel Mono,66,19,3.96
싱가포르,차이나타운,호텔 1888 컬렉션 (Hotel 1888 Collection),6,1,4.26
싱가포르,차이나타운,블리스 호텔 싱가포르 (Bliss Hotel Singapore),42,16,3.79
싱가포르,차이나타운,더 사우스브리지 호텔 (The Southbridge Hotel),42,18,3.7
영국,런던,Kabannas London St Pancras,78,21,4.0
영국,런던,힐튼 하운즐로 공항 (Hilton Heathrow Airport),6,3,3.98
영국,런던,제네레이터 런던 (Generator London),61,43,3.16
영국,런던,미미스 호텔 소호 (Mimi's Hotel Soho),2,1,4.14
영국,런던,런던 히드로 메리어트 호텔 (London Heathrow Marriott Hotel),2,0,4.32
영국,런던,모우브레이 코트 호텔 (Mowbray Court Hotel),59,34,3.37
영국,런던,래디슨 블루 에드워드 그래프턴 호텔  (Radisson Blu Edwardian Grafton Hotel London),7,1,4.29
영국,런던,스트랜드 팰리스 호텔 (Strand Palace Hotel),27,7,4.08
영국,런던,더 화이트 하우스 (The White House),5,1,4.24
영국,에든버러,코드 포드 더 코트 에든버러 (CoDE Pod – The CoURT - Edinburgh),38,2,4.58
영국,에든버러,Moxy Edinburgh Fountainbridge,4,1,4.21
영국,에든버러,킥애스 글라스마켓  (18+) (Kick Ass Grassmarket (18+)),11,4,4.01
영국,에든버러,데스티니 스튜던트 - 무라노 (Destiny Student- Murano),1,1,4.11
영국,에든버러,Moxy Edinburgh Airport,1,1,4.11
영국,에든버러,프레데릭 하우스 호텔 (Frederick House Hotel),14,2,4.31
영국,에든버러,래디슨 블루 호텔 에든버러 시티 센터 (Radisson Blu Hotel Edinburgh City Centre),1,1,4.11
영국,에든버러,스테이 센트럴 호텔 (Stay Central Hotel),4,0,4.37
영국,에든버러,더 백스터 호스텔 (The Baxter Hostel),17,0,4.59
영국,에든버러,올드 웨이벌리 호텔 (Old Waverley Hotel),4,0,4.37
영국,맨체스터,이비스 스타일 맨체스터 포트랜드 (ibis Styles Manchester Portland),2,3,3.83
영국,맨체스터,더블트리 바이 힐튼 맨체스터 에어포트 (DoubleTree by Hilton Manchester Airport),3,2,4.02
영국,맨체스터,네이티브 맨체스터 (Native Manchester),2,0,4.32
영국,맨체스터,INNSiDE by Meliá Manchester,2,0,4.32
영국,맨체스터,맨체스터 메리어트 빅토리아 앤 알버트 호텔 (Manchester Marriott Victoria & Albert Hotel),13,1,4.41
영국,맨체스터,더 타운하우스 맨체스터 (The Townhouse Manchester),1,0,4.29
영국,맨체스터,래디슨 블루 맨체스터 에어포트 (Radisson Blu Manchester Airport),2,0,4.32
영국,맨체스터,모텔 원 맨체스터 피카딜리 (Motel One Manchester-Piccadilly),3,0,4.35
영국,맨체스터,브리타니아 맨체스터 호텔 (Britannia Manchester Hotel),10,3,4.1
영국,맨체스터,YHA 맨체스터 호스텔 (YHA Manchester Hostel),11,5,3.91
영국,캠브리지,No 1 모텔 온 빅토리아 (No 1 Motels on Victoria),1,0,4.29
영국,캠브리지,캠브리지 코치 하우스 럭셔리 코티지 (Cambridge Coach House Luxury Cottages),54,0,4.79
영국,캠브리지,콜로니얼 코트 모텔 (Colonial Court Motel),7,0,4.44
오스트레일리아,시드니,뷰 시드니 (View Sydney),55,10,4.24
오스트레일리아,시드니,쉐라톤 그랜드 시드니 하이드 파크 (Sheraton Grand Sydney Hyde Park),9,4,3.96
오스트레일리아,시드니,YHA Sydney Harbour,81,12,4.34
오스트레일리아,시드니,더 팟 시드니 (The Pod Sydney),87,13,4.33
오스트레일리아,시드니,아모라 제이미슨 호텔  (Amora Jamison Hotel),50,11,4.14
오스트레일리아,시드니,Radisson Blu Plaza Hotel Sydney,6,0,4.42
오스트레일리아,시드니,YEHS 호텔 시드니 QVB (YEHS Hotel Sydney QVB),76,15,4.19
오스트레일리아,시드니,YHA Sydney Central,78,20,4.03
오스트레일리아,시드니,Citadines Connect Sydney Airport,35,5,4.33
오스트레일리아,멜버른,스페이스 호텔 (Space Hotel),82,17,4.16
오스트레일리아,멜버른,오크스 멜버른 온 콜린스 호텔 (Oaks Melbourne on Collins Hotel),15,5,4.01
오스트레일리아,멜버른,Dorsett Melbourne,13,0,4.54
오스트레일리아,멜버른,파크로얄 멜버른 공항 (PARKROYAL Melbourne Airport),6,0,4.42
오스트레일리아,멜버른,Courtyard Melbourne Flagstaff Gardens,17,1,4.47
오스트레일리아,멜버른,아틀란티스 호텔 멜버른 (Atlantis Hotel Melbourne),74,20,4.0
오스트레일리아,멜버른,YHA Melbourne Central,27,14,3.62
오스트레일리아,멜버른,셀리나 센트럴 멜버른 (Selina Central Melbourne),1,0,4.29
오스트레일리아,멜버른,Europa Melbourne,4,0,4.37
오스트레일리아,멜버른,오크스 멜버른 온 윌리엄 스위트 (Oaks Melbourne on William Suites),16,4,4.13
오스트레일리아,브리즈번,이비스 스타일 브리즈번 엘리자베스 스트리트 (Ibis Styles Brisbane Elizabeth Street),36,5,4.34
오스트레일리아,브리즈번,포 포인츠 바이 쉐라톤 브리즈번 (Four Points by Sheraton Brisbane),4,1,4.21
오스트레일리아,브리즈번,Selina Brisbane,22,2,4.43
오스트레일리아,브리즈번,노보텔 브리즈번 사우스 뱅크 (Novotel Brisbane South Bank),75,1,4.79
오스트레일리아,브리즈번,W 브리즈번 (W Brisbane),6,0,4.42
오스트레일리아,브리즈번,하얏트 리젠시 브리즈번 (Hyatt Regency Brisbane),29,3,4.42
오스트레일리아,브리즈번,YHA Brisbane City,65,15,4.1
오스트레일리아,브리즈번,홀리데이 인 익스프레스 브리즈번 센트럴 (Holiday Inn Express Brisbane Central),13,3,4.17
오스트레일리아,브리즈번,메리톤 스위트 허쉘 스트리트 (Meriton Suites Herschel Street),19,1,4.5
오스트레일리아,브리즈번,Brisbane - Quarters,1,0,4.29
오스트레일리아,케언스,오크스 케언즈 호텔 (Oaks Cairns Hotel),1,0,4.29
오스트레일리아,케언스,The Village Cairns,10,2,4.22
오스트레일리아,케언스,글로벌 백패커스 케언즈 (Global Backpackers Cairns),5,3,3.95
오스트레일리아,케언스,크리스탈브룩 라일리 (Crystalbrook Riley),9,1,4.33
오스트레일리아,케언스,더블트리 바이 힐튼 케언즈 (DoubleTree by Hilton Cairns),6,3,3.98
오스트레일리아,케언스,Gilligan’s Hotel & Resort,30,10,3.93
오스트레일리아,케언스,풀맨 케언즈 인터내셔널 (Pullman Cairns International),9,2,4.2
오스트레일리아,케언스,하이드 호텔 케언즈  (Hides Hotel Cairns),19,10,3.69
오스트레일리아,케언스,코럴 트리 인 호텔 (Coral Tree Inn Hotel),7,1,4.29
인도,뭄바이,니란타 에어포트 트랜짓 호텔 앤 라운지 터미널 2 어라이벌/랜드사이드  (Niranta Airport Transit Hotel & Lounge Terminal 2 Arrivals/Landside),6,3,3.98
인도,뭄바이,Country Inn & Suites by Turtle ,43,11,4.06
인도,뭄바이,호텔 클리프턴 (Hotel cliffton),86,7,4.56
인도,뭄바이,니란타 트랜짓 호텔 뭄바이 에어포트 (Niranta Transit Hotel Mumbai Airport),90,6,4.61
인도,뭄바이,더 앰배서더 마린 드라이브 뭄바이 (The Ambassador Marine Drive Mumbai),1,0,4.29
인도,뭄바이,Novotel Mumbai International Airport,3,0,4.35
인도,뭄바이,"레몬 트리 프리미어, 뭄바이 인터내셔널 에어포트 (Lemon Tree Premier, Mumbai International Airport)",1,0,4.29
인도,뭄바이,Hotel Kohinoor Continental Airport,3,2,4.02
인도,뉴델리,이비스 뉴 델리 에어로시티 - 언 아코르호텔 브랜드 (ibis New Delhi Aerocity - An AccorHotels Brand),23,4,4.26
인도,뉴델리,홀리데이 인 뉴 델리 인터내셔널 에어포트 (Holiday Inn New Delhi International Airport),11,2,4.25
인도,뉴델리,래디슨 블루 플라자 델리 에어포트 (Radisson Blu Plaza Delhi Airport),7,0,4.44
인도,뉴델리,켄타우루스 호텔 (Centaur Hotel),1,3,3.78
인도,뉴델리,더 라릿 뉴델리 (The Lalit New Delhi),30,11,3.86
인도,뉴델리,홀리데이 인 익스프레스 뉴 델리 인터내셔널 에어포트 T3 (Holiday Inn Express New Delhi Int'L Airport T3),1,2,3.94
인도,뉴델리,프라이드 플라자 호텔 아에로시티 델리 (Pride Plaza Hotel Aerocity Delhi),14,3,4.2
인도,뉴델리,호텔 디캐피톨 - 델리 에어포트 (HOTEL D'CAPITOL - DELHI AIRPORT),2,1,4.14
인도,뉴델리,에어포트 호텔 (Airport Hotel),45,7,4.31
인도,아그라,조이스 호스텔 (joey's Hostel),22,1,4.53
인도,아그라,Radisson Hotel Agra,2,1,4.14
인도,아그라,더 오베로이 아마빌라스 아그라 호텔 (The Oberoi Amarvilas Agra Hotel),1,0,4.29
인도,아그라,호텔 클락스 시라즈 아그라 (Hotel Clarks Shiraz Agra),6,1,4.26
인도,아그라,Sunrise Homestay,3,0,4.35
인도,아그라,호텔 싯다르타 (600 미터 프롬 타지마할) (HOTEL SIDHARTHA (600 meters from Taj Mahal)),8,7,3.6
인도,아그라,더 그랜드 임페리얼-헤리티지 호텔 (The Grand Imperial-Heritage Hotel),1,0,4.29
인도,아그라,"타즈간즈의 빌라 (144m², 침실 5개, 프라이빗 욕실 5개) (The Orchid Villa)",9,0,4.48
인도,아그라,FabHotel Bhawana,1,0,4.29
인도,자이푸르,펄 팰리스 헤리티지 - 더 부티크 게스트하우스 (Pearl Palace Heritage - The Boutique Guest House),1,0,4.29
인도,자이푸르,힐튼 자이푸르 (Hilton Jaipur),0,3,3.73
인도,자이푸르,호텔 간다르바 - 어 그린 호텔 (Hotel Gandharva - A Green Hotel),1,0,4.29
인도,자이푸르,라마다 바이 윈덤 자이푸르 (Ramada by Wyndham Jaipur),4,2,4.05
인도,자이푸르,Bloom Boutique - Chelon Haveli,2,1,4.14
인도,자이푸르,래디슨 블루 자이푸르 (Radisson Blu Jaipur),88,4,4.68
인도,자이푸르,우메이드 바완 - 어 헤리티지 스타일 부티크 호텔 (Umaid Bhawan - A Heritage Style Boutique Hotel),6,3,3.98
인도,자이푸르,머스타시 호스텔 자이푸르 (Moustache Hostel Jaipur),2,0,4.32
인도,자이푸르,Flute boutique by Hotel 91,1,1,4.11
인도네시아,발리,힐튼 가든 인 발리 응우라 라이 공항 (Hilton Garden Inn Bali Ngurah Rai Airport),66,36,3.41
인도네시아,발리,코트야드 발리 스미냑 리조트 (Courtyard Bali Seminyak Resort),47,7,4.32
인도네시아,발리,RIMBA by AYANA Bali,74,33,3.59
인도네시아,발리,노보텔 발리 응우라 라이 공항 (Novotel Bali Ngurah Rai Airport),84,25,3.92
인도네시아,발리,"Umana Bali, LXR Hotels & Resorts",53,20,3.77
인도네시아,발리,호텔 테라스 앳 쿠타 (Hotel Terrace at Kuta),75,32,3.63
인도네시아,발리,래디슨 블루 발리 울루와투 (Radisson Blu Bali Uluwatu),5,0,4.4
인도네시아,발리,암나야 리조트 쿠타 (Amnaya Resort Kuta),84,19,4.11
인도네시아,발리,AYANA Resort Bali,85,19,4.12
인도네시아,요그야카르타,위즈 호텔 말리오보로 요그야카르타 (Whiz Hotel Malioboro Yogyakarta),10,4,3.99
인도네시아,요그야카르타,더 피닉스 호텔 족자카르타 (The Phoenix Hotel Yogyakarta),21,7,3.97
인도네시아,요그야카르타,잠불루욱 말리오보로 호텔 욕야카르타 (Jambuluwuk Malioboro Hotel Yogyakarta),9,4,3.96
인도네시아,요그야카르타,프리마 인 호텔 말리오보로 (Prima In Hotel Malioboro),12,5,3.93
인도네시아,요그야카르타,그랜드 캉겐 호텔 우리프 스모하르조 (Grand Kangen Hotel Urip Sumoharjo),83,3,4.71
인도네시아,요그야카르타,호텔 네오 말리오보로 바이 애스턴 (Hotel Neo Malioboro by ASTON),11,4,4.01
인도네시아,요그야카르타,Hyatt Regency Yogyakarta,37,4,4.42
인도네시아,요그야카르타,말리오보로 프라임 호텔 (Malioboro Prime Hotel),5,1,4.24
인도네시아,요그야카르타,호라이즌 울티마 리스 호텔 말리오보로 (Horison Ultima Riss Hotel Malioboro),1,0,4.29
인도네시아,요그야카르타,마라나타 그랜드 호텔 (Maranatha Grand Hotel),2,0,4.32
인도네시아,반둥,그랜드 호텔 프레안게르 (Grand Hotel Preanger),27,8,4.01
인도네시아,반둥,홀리데이 인 반둥 파스퇴르 (Holiday Inn Bandung Pasteur),14,1,4.43
인도네시아,반둥,"de Braga, ARTOTEL Curated",2,1,4.14
인도네시아,반둥,팝! 호텔 페스티벌 시티링크 - 반둥 (POP! Hotel Festival Citylink - Bandung),4,1,4.21
인도네시아,반둥,풀만 반둥 그랜드 센트럴 (Pullman Bandung Grand Central),5,2,4.09
인도네시아,반둥,힐튼 반둥 (Hilton Bandung),30,7,4.13
인도네시아,반둥,크라운 플라자 반둥 (Crowne Plaza Bandung),11,3,4.13
인도네시아,반둥,키마야 브라가 반둥 바이 해리스 (Kimaya Braga Bandung by Harris),1,1,4.11
인도네시아,반둥,요코텔 넷  (Yokotel Net),0,1,4.07
인도네시아,반둥,레드도어즈 프리미엄 니어 반둥 스테이션 (RedDoorz Premium near Bandung Station),1,1,4.11
인도네시아,센트럴 자카르타,풀맨 자카르타 센트럴 파크 호텔 (Pullman Jakarta Central Park Hotel),51,3,4.59
인도네시아,센트럴 자카르타,풀맨 자카르타 인도네시아 (Pullman Jakarta Indonesia),60,19,3.9
인도네시아,센트럴 자카르타,홀리데이 인 앤 스위트 자카르타 가자 마다 (Holiday Inn & Suites Jakarta Gajah Mada),28,2,4.5
인도네시아,센트럴 자카르타,FM7 리조트 호텔 반다라 자카르타 에어포트 (FM7 Resort Hotel Bandara Jakarta Airport),68,21,3.9
인도네시아,센트럴 자카르타,스위스-벨호텔 망가 베사르 (Swiss-Belhotel Mangga Besar),39,14,3.85
인도네시아,센트럴 자카르타,더블트리 바이 힐튼 호텔 자카르타 디포네고로 (DoubleTree by Hilton Hotel Jakarta - Diponegoro),41,5,4.39
인도네시아,센트럴 자카르타,호텔 시푸트라 자카르타 매니지드 바이 스위스 벨호텔 인터네셔널 (Hotel Ciputra Jakarta managed by Swiss-Belhotel International),24,8,3.95
인도네시아,센트럴 자카르타,더 1O1 자카르타 에어포트 CBC (THE 1O1 Jakarta Airport CBC),48,7,4.33
인도네시아,센트럴 자카르타,Maia Hotel Jakarta,1,0,4.29
인도네시아,센트럴 자카르타,사와나 스위트 (Sawana Suites),84,8,4.51
일본,도쿄,sequence MIYASHITA PARK / Shibuya,18,8,3.82
일본,도쿄,힐튼 도쿄 (Hilton Tokyo),12,10,3.48
일본,도쿄,APA 호텔 신주쿠-가부키초 타워 (APA Hotel Shinjuku-Kabukicho Tower),16,12,3.46
일본,도쿄,펄 호텔 신주쿠 아케보노바시 (Pearl Hotel Shinjuku Akebonobashi),18,8,3.82
일본,도쿄,"리츠칼튼, 도쿄 (The Ritz-Carlton, Tokyo)",3,2,4.02
일본,도쿄,신주쿠 워싱턴 호텔 - 본관 (Shinjuku Washington Hotel - Main Building),16,12,3.46
일본,도쿄,APA 호텔 롯폰기 식스 (APA Hotel Roppongi SIX),19,9,3.77
일본,도쿄,렘 롯폰기 (remm Roppongi),18,9,3.74
일본,도쿄,오크 호텔 에도 (Oak Hotel Edo),16,6,3.94
일본,도쿄,선샤인 시티 프린스 호텔 이케부쿠로 도쿄 (Sunshine City Prince Hotel Ikebukuro Tokyo),23,5,4.17
일본,오사카,칸데오 호텔 오사카 난바 (Candeo Hotels Osaka Namba),20,7,3.95
일본,오사카,코트야드 신-오사카 스테이션 (Courtyard Shin-Osaka Station),7,1,4.29
일본,오사카,APA Hotel & Resort Osaka Umeda Eki Tower,22,6,4.07
일본,오사카,호텔 몬토레 오사카 (Hotel Monterey Osaka),15,8,3.74
일본,오사카,ibis Styles Osaka Namba Hotel,18,9,3.74
일본,오사카,호텔 뉴 한큐 오사카 (Hotel New Hankyu Osaka),22,5,4.15
일본,오사카,소테츠 그랜드 프레사 오사카 난바 (Sotetsu Grand Fresa Osaka Namba),20,7,3.95
일본,오사카,APA 호텔 난바 미나미 에비수초 에키 (APA Hotel Namba Minami Ebisucho Eki),22,1,4.53
일본,교토,호텔 더 엠스 교토 (Hotel The M's Kyoto),24,3,4.36
일본,교토,Hyatt Regency Kyoto,8,0,4.46
일본,교토,크로스 호텔 교토 (Cross Hotel Kyoto),18,9,3.74
일본,교토,교토 시티 가든스 호텔 (KYOTO CITY GARDENS HOTEL),15,6,3.92
일본,교토,APA 호텔 교토 에키히가시 (APA Hotel Kyoto Ekihigashi),17,0,4.59
일본,교토,솔라리아 니시테츠 호텔 교토 프리미어 (Solaria Nishitetsu Hotel Kyoto Premier),22,3,4.33
일본,교토,오리엔탈 호텔 교토 로쿠조 (ORIENTAL HOTEL KYOTO ROKUJO),22,6,4.07
일본,교토,Hotelmusse kyotoshijokawaramachi meitetsu,21,3,4.32
일본,교토,게이오 프렐리아 호텔 교토 카라스마 고조 (Keio Prelia Hotel Kyoto Karasuma Gojo),22,6,4.07
일본,삿포로,그랑벨 호텔 스스키노 (GRANBELL HOTEL SUSUKINO),19,7,3.93
일본,삿포로,호텔 몬토레 에델호프 삿포로 (Hotel Monterey Edelhof Sapporo),18,10,3.67
일본,삿포로,베셀 호텔 캄파나 스스키노 (Vessel Hotel Campana Susukino),19,8,3.84
일본,삿포로,죠잔케이 뷰 호텔 (Jozankei View Hotel ),2,0,4.32
일본,삿포로,Fairfield by Marriott Hokkaido Eniwa,7,0,4.44
일본,삿포로,로이톤 삿포로 호텔 (Royton Sapporo Hotel),14,12,3.4
일본,삿포로,비스포크 호텔 삿포로 (Bespoke Hotel Sapporo),19,7,3.93
일본,삿포로,APA 호텔 앤 리조트 삿포로 (APA Hotel & Resort Sapporo),17,8,3.79
중국,상하이,그랜드 센트럴 호텔 상하이 (Grand Central Hotel Shanghai),20,8,3.87
중국,상하이,"더 웨스틴 번드 센터, 상하이 (The Westin Bund Center, Shanghai)",8,2,4.17
중국,상하이,센트럴 호텔 (Central Hotel),18,8,3.82
중국,상하이,파라마운트 갤러리 호텔 (Paramount Gallery Hotel),18,6,3.99
중국,상하이,Courtyard Shanghai Xujiahui,3,0,4.35
중국,상하이,상하이 데코 호텔 푸동 (Shanghai Deco Hotel Pudong),21,5,4.14
중국,상하이,Radisson Collection Hyland Shanghai,21,5,4.14
중국,상하이,진장 인 실렉트 상하이 난징 로드 페데스트리안 스트리트  (Jinjiang Inn Select Shanghai Nanjing Road Pedestrian Street),11,15,3.08
중국,상하이,카쳇 부티크 상하이 (Cachet Boutique Shanghai),6,2,4.12
중국,상하이,샹하이 피쉬 인 번드 (Shanghai Fish Inn Bund),14,8,3.71
중국,베이징,구오 지 이 위안 호텔 (GUO JI YI YUAN HOTEL),11,6,3.8
중국,베이징,베이징 신차오 호텔 (Beijing XinQiao Hotel),14,11,3.47
중국,베이징,선월드 다이너스티 호텔 베이징 왕푸징 (Sunworld Dynasty Hotel Beijing Wangfujing),18,10,3.67
중국,베이징,더 그레이트 월 호텔 베이징 (The Great Wall Hotel Beijing),8,6,3.7
중국,베이징,파크 플라자 베이징 왕푸징 (Park Plaza Beijing Wangfujing),16,3,4.23
중국,베이징,선월드 호텔 왕푸징 (Sunworld Hotel Wangfujing),16,10,3.61
중국,베이징,홀리데이 인 익스프레스 베이징 후아카이 (Holiday Inn Express Beijing Huacai),17,6,3.97
중국,베이징,노보텔 피스 베이징 호텔 (Novotel Peace Beijing Hotel),12,9,3.56
중국,베이징,호텔 에클라 베이징 (Hotel Eclat Beijing),6,1,4.26
중국,베이징,시틱 호텔 베이징 공항 (CITIC Hotel Beijing Airport),3,6,3.49
중국,광저우,젠궈 호텔 광저우 (Jianguo Hotel Guangzhou),15,10,3.58
중국,광저우,오소토 레크리에이션 호텔 바이윈 (Osotto Recreation Hotel Baiyun),14,13,3.33
중국,광저우,로얄 메디터레이니언 호텔 (Royal Mediterranean Hotel),12,6,3.83
중국,광저우,구앙동 게스트하우스 (Guangdong Yingbin Hotel),3,1,4.18
중국,광저우,동팡 호텔 (Dong Fang Hotel),15,8,3.74
중국,광저우,로즈데일 호텔 앤 스위트 (Rosedale Hotel & Suite),12,8,3.65
중국,광저우,Novotel Guangzhou Baiyun Airport,2,1,4.14
중국,광저우,힐튼 광저우 바이윈 (Hilton Guangzhou Baiyun),15,9,3.66
중국,광저우,인세일 호텔 (환스 로드 타오진 메트로 스테이션 광저우) (Insail Hotels (Huanshi Road Taojin Metro Station Guangzhou )),3,1,4.18
중국,광저우,광저우 누오모 인터내셔널 호텔 (Guangzhou Nuomo International Hotel),1,1,4.11
중국,항저우,치어리 커낼 호텔 항저우 (Cheery Canal Hotel Hangzhou),4,0,4.37
중국,항저우,진장 메트로폴로 호텔 - 항저우 트레인 이스트 스테이션 (Jinjiang Metropolo Hotel - Hangzhou Train East Station),2,0,4.32
중국,항저우,래디슨 블루 항저우 신톈디 (Radisson Blu Hangzhou Xintiandi),1,0,4.29
중국,항저우,그랜드 페트로파크 호텔 항주 (Grand Metropark Hotel Hangzhou),6,1,4.26
중국,항저우,Courtyard Hangzhou Wulin,1,0,4.29
중국,항저우,메이루 레전드 호텔 항저우 (Meilu Legend Hotel Hangzhou),4,0,4.37
중국,항저우,플라자 인터내셔널 호텔 저장 (Plaza International Hotel Zhejiang),0,2,3.89
중국,항저우,윈덤 그랜드 프라자 로얄 항저우 (Wyndham Grand Plaza Royale Hangzhou),19,0,4.61
캄보디아,씨엠립,ANGKOR LAND URBAN BOUTIQUE,5,0,4.4
캄보디아,씨엠립,로얄 크라운 호텔 앤 스파 (Royal Crown Hotel & Spa),68,14,4.17
캄보디아,씨엠립,크메르 맨션 부티크 호텔 (Khmer Mansion Boutique Hotel),88,8,4.52
캄보디아,씨엠립,골든 템플 레지던스 (Golden Temple Residence),72,3,4.68
캄보디아,씨엠립,투 시즌스 씨엠립 호텔 (Two Seasons Siem Reap Hotel),9,0,4.48
캄보디아,씨엠립,센트럴 스위트 레지던스 (Central Suite Residence),84,5,4.63
캄보디아,씨엠립,메모이레 디'앙코르 부티크 호텔  (Memoire d' Angkor Boutique Hotel),62,7,4.44
캄보디아,씨엠립,호텔 소마데비 앙코르 부티크 앤 리조트 (Hotel Somadevi Angkor Boutique and Resort),68,7,4.47
캄보디아,씨엠립,쉐도우 앙코르 레지던스 (Shadow Angkor Residence),13,4,4.06
캄보디아,씨엠립,메콩 앙코르 팰리스 인 (Mekong Angkor Palace Inn),15,4,4.11
캄보디아,프놈펜,두옹 찬 호텔 (Duong Chan Hotel),88,3,4.73
캄보디아,프놈펜,센서리 파크 어반 호텔 (Sensory Park Urban Hotel),16,3,4.23
캄보디아,프놈펜,맨션 51 호텔 앤 아파트먼트 (Mansion 51 Hotel & Apartment),34,6,4.25
캄보디아,프놈펜,오케이 부티크 호텔 (Okay Boutique Hotel),50,26,3.5
캄보디아,프놈펜,Fairfield by Marriott Phnom Penh,4,0,4.37
캄보디아,프놈펜,나가월드 호텔 앤 엔터테인먼트 콤플렉스 (NagaWorld Hotel & Entertainment Complex),61,40,3.24
캄보디아,프놈펜,오하나 프놈펜 팰리스 호텔 (Ohana Phnom Penh Palace Hotel),61,11,4.24
캄보디아,프놈펜,호텔 에미온 프놈펜 (Hotel Emion Phnom Penh),31,10,3.94
캄보디아,프놈펜,아시반 키 부티크 호텔 (Asiban Quay Boutique Hotel),1,1,4.11
캄보디아,프놈펜,푸민 호텔 리버사이드 (Phuminh Hotel Riverside),27,3,4.4
캄보디아,시아누크빌,소카 비치 호텔 (Sokha Beach Resort),38,32,3.08
캄보디아,시아누크빌,인디펜던스 호텔 리조트 앤 스파 (Independence Hotel Resort & Spa),41,18,3.68
캄보디아,시아누크빌,아리스토크랫 레지던스 앤 호텔 (Aristocrat Residence & Hotel),10,8,3.58
캄보디아,시아누크빌,RIVA Hotel SHV,4,0,4.37
캄보디아,시아누크빌,Won Majestic Hotel Cambodia,5,1,4.24
캄보디아,시아누크빌,사하 비치 리조트 (Sahaa Beach Resort),5,4,3.82
캄보디아,시아누크빌,라 보그 부티크 호텔 앤 카지노 (La Vogue Boutique Hotel & Casino),4,1,4.21
캄보디아,시아누크빌,세븐 컬러 호텔 (Seven Color Hotel),2,0,4.32
캄보디아,시아누크빌,미탈리 호텔 (Mittali Hotel),0,1,4.07
캄보디아,캄폿,트윈 호텔 (Twin Hotel),3,1,4.18
캄보디아,캄폿,RiverTree Villa & Resort,6,0,4.42
캄보디아,캄폿,뱀부 방갈로 (Bamboo Bungalows),4,2,4.05
캄보디아,캄폿,호텔 파이브.S (Hotel Five.S),4,6,3.54
캄보디아,캄폿,더 B 리조트 (The B Resort),2,0,4.32
캄보디아,캄폿,더 J 브레이크 부티크 (The J Break Boutique),1,0,4.29
캄보디아,캄폿,몽타뉴 레지던스 (Montagne Residence),1,0,4.29
캄보디아,캄폿,굿모닝 캄폿 게스트하우스 (Good Morning Kampot Guesthouse),89,10,4.45
캄보디아,캄폿,원더즈 캄폿 (Onederz Kampot),1,1,4.11
캐나다,토론토,Samesun Toronto,4,1,4.21
캐나다,토론토,홀리데이 인 토론토 다운타운 센터 (Holiday Inn Toronto Downtown Centre),12,1,4.39
캐나다,토론토,원 킹 웨스트 호텔 앤 레지던스 (One King West Hotel and Residence),23,1,4.54
캐나다,토론토,팬티지스 호텔 토론토 센터 (Pantages Hotel Toronto Centre),16,3,4.23
캐나다,토론토,로얄 오크 인 (Royal Oak Inn),1,0,4.29
캐나다,토론토,Hilton Toronto,3,3,3.87
캐나다,토론토,DoubleTree by Hilton Toronto Downtown,1,3,3.78
캐나다,밴쿠버,센추리 플라자 호텔 (Century Plaza Hotel),38,7,4.23
캐나다,밴쿠버,Quality Inn & Suites,4,0,4.37
캐나다,밴쿠버,더 버라드 호텔 (The Burrard Hotel),3,4,3.74
캐나다,밴쿠버,데이즈 인 바이 윈덤 밴쿠버 다운타운 (Days Inn by Wyndham Vancouver Downtown),4,5,3.65
캐나다,밴쿠버,하얏트 리젠시 밴쿠버 (Hyatt Regency Vancouver),25,1,4.56
캐나다,밴쿠버,Hotel Belmont Vancouver Mgallery,14,5,3.99
캐나다,밴쿠버,더 캄비 호스텔 개스타운 (The Cambie Hostel Gastown),2,3,3.83
캐나다,밴쿠버,YWCA 호텔 밴쿠버 (YWCA Hotel Vancouver),6,0,4.42
캐나다,밴쿠버,킹스턴 호텔 (Kingston Hotel),4,4,3.78
캐나다,몬트리올,Kyriad Carcassonne - Aeroport,15,1,4.44
캐나다,몬트리올,P'tit Dej-Hotel Carcassonne,5,0,4.4
캐나다,나이아가라 폭포,데이즈 인 앤 스위트 바이 윈덤 나이아가라 폴스 센터 스트리트 바이 더 폴스 (Days Inn & Suites by Wyndham Niagara Falls Centre St. By the Falls),7,1,4.29
캐나다,나이아가라 폭포,더 폴스 호텔 앤 인 (The Falls Hotel & Inn),2,0,4.32
캐나다,나이아가라 폭포,데이즈 인 바이 윈덤 나이아가라 폴스 니어 더 폴스 (Days Inn by Wyndham Niagara Falls Near The Falls),20,7,3.95
캐나다,나이아가라 폭포,이코노 로지 바이 더 폴스 (Econo Lodge By the Falls),1,0,4.29
캐나다,나이아가라 폭포,하워드 존슨 플라자 바이 윈덤 바이 더 폴스 나이아가라 폴스 (Howard Johnson Plaza by Wyndham by the Falls Niagara Falls),3,0,4.35
캐나다,나이아가라 폭포,"컨트리 인 앤 스위트 바이 래디슨, 나이아가라 폴스, On (Country Inn & Suites by Radisson, Niagara Falls, ON)",2,0,4.32
태국,방콕,Eastin Grand Hotel Phayathai,16,7,3.85
태국,방콕,"The Westin Grande Sukhumvit, Bangkok",21,4,4.23
태국,방콕,Ramada Plaza by Wyndham Bangkok Sukhumvit 48,9,2,4.2
태국,방콕,방콕 시티 호텔 (SHA Extra Plus) (Bangkok City Hotel (SHA Extra Plus)),12,12,3.33
태국,방콕,칼튼 호텔 방콕 수쿰윗 (SHA Extra Plus) (Carlton Hotel Bangkok Sukhumvit (SHA Extra Plus)),19,6,4.01
태국,방콕,그랜드 BS 에어포트 호텔 수완나품 (Grand BS Airport Hotel Suvarnabhumi),14,13,3.33
태국,방콕,"Sheraton Grande Sukhumvit, a Luxury Collection Hotel, Bangkok",18,8,3.82
태국,방콕,모벤픽 호텔 수쿰윗 15 방콕 (Mövenpick Hotel Sukhumvit 15 Bangkok),16,10,3.61
태국,방콕,Aspira 12th Avenue Asoke Sukhumvit,17,11,3.56
태국,방콕,Grande Centre Point Hotel Terminal 21,20,7,3.95
태국,푸켓,만다라바 리조트 앤 스파 카론 비치 (SHA Plus+) (Mandarava Resort and Spa Karon Beach (SHA Plus+)),20,7,3.95
태국,푸켓,Anantara Koh Yao Yai Resort & Villas,1,0,4.29
태국,푸켓,Woovo Phuket Patong,1,0,4.29
태국,푸켓,빌라 알라나 푸켓 (Villa Alanna Phuket),7,0,4.44
태국,푸켓,JW Marriott Phuket Resort & Spa,19,4,4.19
태국,푸켓,푸켓 그레이스랜드 리조트 앤 스파 (SHA Plus+) (Phuket Graceland Resort & Spa (SHA Plus+)),18,9,3.74
태국,푸켓,Four Points by Sheraton Phuket Patong Beach Resort,18,7,3.9
태국,푸켓,칼리마 리조트 앤 스파 (SHA Extra plus) (Kalima Resort & Spa (SHA Extra plus)),21,4,4.23
태국,푸켓,코코텔 푸켓 나이양 비치 (SHA Extra Plus) (Kokotel Phuket Nai Yang Beach (SHA Extra Plus)),14,3,4.2
태국,푸켓,반 카론부리 리조트 (SHA Plus+) (Baan Karonburi Resort (SHA Plus+)),15,4,4.11
태국,치앙마이,베드 님만 - 성인 전용 (SHA Plus+) (BED Nimman - Adult Only (SHA Plus+)),23,4,4.26
태국,치앙마이,부리랏타나 (Burirattana),25,4,4.29
태국,치앙마이,Travelodge Nimman,19,6,4.01
태국,치앙마이,포즈 앤 플레이 호텔 (Pause and Play Hotel),6,4,3.86
태국,치앙마이,U Nimman Chiang Mai,20,7,3.95
태국,치앙마이,키리 호텔 치앙마이 (KIRI Hotel Chiang Mai),20,4,4.21
태국,치앙마이,판비만 치앙마이 스파 리조트 (SHA Extra Plus) (Panviman Chiangmai Spa Resort (SHA Extra Plus)),18,9,3.74
태국,치앙마이,Arun Rawee,18,0,4.6
태국,치앙마이,슬립 마이 라이프스타일 호텔 타패 치앙마이 올드 시티 (SHA Extra plus) (Sleep Mai Lifestyle Hotel Thapae Chiang Mai Old City (SHA Extra plus)),22,1,4.53
태국,파타야,아버 호텔 앤 레지던스 파타야 (SHA Plus+) (Arbour Hotel and Residence Pattaya (SHA Plus+)),23,6,4.09
태국,파타야,케이프 다라 리조트 (SHA Plus+) (Cape Dara Resort (SHA Plus+)),16,11,3.53
태국,파타야,Siam @ Siam Design Hotel Pattaya,17,10,3.64
태국,파타야,"The Sanctuary Resort Pattaya, BW Signature Collection",4,5,3.65
태국,파타야,Grande Centre Point Pattaya,18,6,3.99
태국,파타야,아바니 파타야 리조트 (SHA Extra Plus) (Avani Pattaya Resort (SHA Extra Plus)),19,4,4.19
태국,파타야,OZO North Pattaya ,19,5,4.1
태국,파타야,Z 스루 바이 더 자인 호텔 (Z Through By The Zign Hotel),16,11,3.53
태국,파타야,나바나 네이처 이스케이프 (SHA Plus+) (Navana Nature Escape (SHA Plus+)),15,7,3.83
태국,파타야,The Edge central pattaya,9,3,4.07
터키,이스탄불,인터컨티넨탈 이스탄불 (InterContinental Istanbul),10,2,4.22
터키,이스탄불,콘래드 이스탄불 보스포러스 (Conrad Istanbul Bosphorus),3,0,4.35
터키,이스탄불,Zeyn Otel Istanbul,25,0,4.66
터키,이스탄불,자카란다 부티크 호텔 이스탄불 (Jakaranda Boutique Hotel Istanbul),6,3,3.98
터키,이스탄불,히포드롬 호텔 (Hippodrome Hotel),20,9,3.79
터키,이스탄불,래디슨 블루 호텔 이스탄불 오토마레 (Radisson Blu Hotel Istanbul Ottomare),48,6,4.39
터키,이스탄불,무카르나스 탁심 호텔 (Mukarnas Taksim Hotel),20,0,4.62
터키,이스탄불,Shining Star Hotel,34,3,4.47
터키,이스탄불,멜란즈 에어포트 호텔 (Melanj Airport Hotel),3,2,4.02
터키,이스탄불,니폰 호텔 (Nippon Hotel),9,5,3.84
터키,베이오울루,몰톤 베이오울루 MLS 호텔 (Molton Beyoglu MLS Hotel),17,3,4.25
터키,베이오울루,무카르나스 탁심 호텔 (Mukarnas Taksim Hotel),20,0,4.62
터키,베이오울루,니폰 호텔 (Nippon Hotel),9,5,3.84
터키,베이오울루,Shining Star Hotel,34,3,4.47
터키,베이오울루,자카란다 부티크 호텔 이스탄불 (Jakaranda Boutique Hotel Istanbul),6,3,3.98
터키,베이오울루,래디슨 블루 호텔 이스탄불 오토마레 (Radisson Blu Hotel Istanbul Ottomare),48,6,4.39
터키,베이오울루,Zeyn Otel Istanbul,25,0,4.66
터키,베이오울루,인터컨티넨탈 이스탄불 (InterContinental Istanbul),10,2,4.22
터키,베이오울루,멜란즈 에어포트 호텔 (Melanj Airport Hotel),3,2,4.02
터키,안탈리아,라마다 플라자 바이 윈덤 안탈야 (Ramada Plaza by Wyndham Antalya),7,5,3.77
터키,안탈리아,Concorde De Luxe Resort - Prive Ultra All Inclusive,12,1,4.39
터키,안탈리아,Lucky Monkey Hotel,8,1,4.31
터키,안탈리아,스완도르 톱카피 팰리스 (Swandor Topkapi Palace),21,3,4.32
터키,안탈리아,베스트웨스턴 플러스 칸 호텔 (Best Western Plus Khan Hotel),31,0,4.7
터키,안탈리아,Puding Hotel,30,6,4.2
터키,안탈리아,스카이 카메르 호텔 안탈리아 (Sky Kamer Hotel Antalya),8,0,4.46
터키,안탈리아,마이 인시 호텔 (Mai Inci Hotel),7,3,4.02
터키,안탈리아,Z-스위트 (Z-SUITES),2,0,4.32
터키,안탈리아,제미라 가든 호텔 (Zemira Garden Hotel),7,0,4.44
터키,괴레메,아르테미스 케이브 스위트 (Artemis Cave Suites),35,2,4.56
터키,괴레메,올드 타운 스톤 하우스 (Old Town Stone House),38,2,4.58
터키,괴레메,게디크 케이브 호텔 (Gedik Cave Hotel),15,1,4.44
터키,괴레메,데미소스 케이브 호텔 (Demisos Caves Hotel),24,1,4.55
터키,괴레메,아이딘리 케이브 호텔 (Aydinli Cave Hotel),38,0,4.73
터키,괴레메,로얄 스톤 하우스 - 괴레메 (Royal Stone Houses - Goreme),36,3,4.49
터키,괴레메,헨나 호텔 (Henna Hotel),8,1,4.31
터키,괴레메,Serene Premium Stone House,18,0,4.6
터키,괴레메,캐년 케이브 호텔 (Canyon Cave Hotel),2,0,4.32
터키,괴레메,아도라 케이브 스위트 (Adora Cave Suites),10,1,4.35
필리핀,보라카이,헤난 파크 리조트 (Henann Park Resort),19,7,3.93
필리핀,보라카이,헤난 팜 비치 리조트 (Henann Palm Beach Resort),15,12,3.43
필리핀,보라카이,헤난 가든 리조트 (Henann Garden Resort),18,9,3.74
필리핀,보라카이,보라카이 라까멜라 호텔 (La Carmela de Boracay Hotel),15,10,3.58
필리핀,보라카이,헤난 크리스털 샌즈 리조트 (Henann Crystal Sands Resort),18,10,3.67
필리핀,보라카이,헤난 라군 리조트 (Henann Lagoon Resort),19,7,3.93
필리핀,보라카이,아쿠아 보라카이 (Aqua Boracay),17,9,3.71
필리핀,보라카이,페어웨이즈 앤 블루워터 보라카이 (Fairways and Bluewater Boracay),17,10,3.64
필리핀,보라카이,Blanché Hotel Boracay by DLC Properties,1,0,4.29
필리핀,보라카이,Signature Boracay Blue (Formerly La Banca House),2,4,3.69
필리핀,마닐라,Savoy Hotel Manila,15,11,3.5
필리핀,마닐라,Belmont Hotel Manila ,18,9,3.74
필리핀,마닐라,Seda Bonifacio Global City,21,5,4.14
필리핀,마닐라,베이뷰 파크 호텔 마닐라 (Bayview Park Hotel),13,9,3.6
필리핀,마닐라,킹스포드 호텔 마닐라 (Kingsford Hotel Manila),18,11,3.59
필리핀,마닐라,Seda Residences Makati,19,3,4.29
필리핀,마닐라,Hotel101 - Fort,4,0,4.37
필리핀,마닐라,뉴월드 마카티 호텔 (New World Makati Hotel),16,6,3.94
필리핀,마닐라,니콜스 공항 호텔 (Nichols Airport Hotel),13,12,3.36
필리핀,마닐라,JMM 그랜드 스위트 (JMM Grand Suites),15,13,3.36
필리핀,세부,사보이 호텔 막탄 뉴타운 (Savoy Hotel Mactan Newtown),14,12,3.4
필리핀,세부,퀘스트 호텔 앤 컨퍼런스 센터 세부 (Quest Hotel and Conference Center Cebu),19,7,3.93
필리핀,세부,Plantation Bay Resort and Spa,18,8,3.82
필리핀,세부,홉 인 호텔 세부 시티 (Hop Inn Hotel Cebu City),20,7,3.95
필리핀,세부,"The Reef Island Resort Mactan, Cebu",22,6,4.07
필리핀,세부,Belmont Hotel Mactan,17,9,3.71
필리핀,세부,세부 화이트샌즈 리조트 앤 스파 (Cebu White Sands Resort and Spa),14,13,3.33
필리핀,세부,Seda Ayala Center Cebu,21,6,4.05
필리핀,세부,세부 R 호텔 -마볼로 (Cebu R Hotel - Mabolo),19,9,3.77
필리핀,세부,Gem's Paradise Resort,8,1,4.31
필리핀,마카티,Seda Residences Makati,19,3,4.29
필리핀,마카티,뉴월드 마카티 호텔 (New World Makati Hotel),16,6,3.94
필리핀,마카티,시티 가든 그랜드 호텔 (City Garden GRAND Hotel),16,8,3.77
필리핀,마카티,Z 호스텔 (Z Hostel),8,3,4.05
필리핀,마카티,"세인트 자일스 마카티 - 어 세인트 자일스 호텔, 마닐라 - 다목적 호텔 (St Giles Makati – A St Giles Hotel, Manila)",19,7,3.93
필리핀,마카티,1898 호텔 콜로니아 엔 라스 필리피나스 (1898 Hotel Colonia En Las Filipinas),20,1,4.51
필리핀,마카티,Valero Grand Suites by Swiss-Belhotel,14,8,3.71
필리핀,마카티,Dusit Thani Manila,18,6,3.99
필리핀,마카티,RedDoorz Premium @ The Residences Olympia Makati,1,0,4.29
필리핀,마카티,OYO 675 서킷 호스텔 - 직원 백신 접종 (OYO 675 Circuit Hostel),22,2,4.43
홍콩,침사추이,로얄 가든 호텔 (Royal Garden Hotel),16,11,3.53
홍콩,침사추이,더 솔즈베리 - YMCA 오브 홍콩 (The Salisbury - YMCA of Hong Kong),21,7,3.97
홍콩,침사추이,더 오토 호텔 (The OTTO Hotel),19,9,3.77
홍콩,침사추이,홉 인 (Hop Inn),12,4,4.04
홍콩,침사추이,대시 리빙 온 프랫 (Dash Living on Prat),18,10,3.67
홍콩,침사추이,리갈 구룡 호텔 (Regal Kowloon Hotel),18,10,3.67
홍콩,침사추이,B P 인터내셔널 (B P International),17,9,3.71
홍콩,침사추이,킴벌리 호텔 (Kimberley Hotel),17,12,3.49
홍콩,침사추이,호텔 하트 (Hotel Hart),15,14,3.29
홍콩,침사추이,Hygge House,1,1,4.11
홍콩,홍콩디즈니랜드,로얄 가든 호텔 (Royal Garden Hotel),16,11,3.53
홍콩,홍콩디즈니랜드,리갈 구룡 호텔 (Regal Kowloon Hotel),18,10,3.67
홍콩,홍콩디즈니랜드,더 솔즈베리 - YMCA 오브 홍콩 (The Salisbury - YMCA of Hong Kong),21,7,3.97
홍콩,홍콩디즈니랜드,Vega Suites - Formerly Holiday Inn Express Hong Kong Kowloon East,3,0,4.35
홍콩,홍콩디즈니랜드,B P 인터내셔널 (B P International),17,9,3.71
홍콩,홍콩디즈니랜드,더 오토 호텔 (The OTTO Hotel),19,9,3.77
홍콩,홍콩디즈니랜드,대시 리빙 온 프랫 (Dash Living on Prat),18,10,3.67
홍콩,홍콩디즈니랜드,호텔 하트 (Hotel Hart),15,14,3.29
홍콩,홍콩디즈니랜드,Hygge House,1,1,4.11
홍콩,빅토리아 하버,베스트웨스턴 플러스 칼튼 플라자 호텔 (BEST WESTERN PLUS Carlton Plaza Hotel),7,1,4.29
홍콩,빅토리아 하버,Ocean Island Inn Backpackers Suites,5,1,4.24
홍콩,빅토리아 하버,호텔 그랜드 퍼시픽 (Hotel Grand Pacific),9,0,4.48
홍콩,빅토리아 하버,"제임스 베이 인 호텔, 스위트 앤 코티지 (James Bay Inn Hotel, Suites & Cottage)",8,0,4.46
홍콩,빅토리아 하버,로얄 스캇 호텔 앤 스위트 (Royal Scot Hotel & Suites),2,0,4.32
홍콩,빅토리아 하버,데이즈 인 바이 윈덤 빅토리아 온 더 하버 (Days Inn by Wyndham Victoria On The Harbour),0,2,3.89
홍콩,빅토리아 하버,샤토 빅토리아 호텔 앤 스위트 (Chateau Victoria Hotel & Suites),3,0,4.35
홍콩,빅토리아 하버,아일랜드 트래블 인 (Island Travel Inn),1,0,4.29
홍콩,완차이구,"Ying'nFlo, Wesley Admiralty, Hong Kong",2,0,4.32
홍콩,완차이구,그랜드 하얏트 홍콩 (Grand Hyatt Hong Kong),22,2,4.43
홍콩,완차이구,노보텔 센트리 홍콩 (Novotel Century Hong Kong),20,6,4.03
홍콩,완차이구,벌링턴 호텔 (Burlington Hotel),23,6,4.09
홍콩,완차이구,더 하버뷰 (The Harbourview),17,11,3.56
홍콩,완차이구,더 엠퍼러 호텔 (The Emperor Hotel),15,10,3.58
홍콩,완차이구,완차이 88 호텔 (Wanchai 88 Hotel),19,7,3.93
홍콩,완차이구,AKI Hong Kong - Mgallery,21,0,4.63
홍콩,완차이구,와니 호텔 (Wharney Hotel),15,10,3.58
