CNT_NAME,REG_NAME,ATTR_NAME,ATTR_REV_POS,ATTR_REV_NEG,SCORE
뉴질랜드,오클랜드 중심가,오클랜드 도메인,28,2,4.62
뉴질랜드,오클랜드 중심가,이든 산,30,0,4.7
뉴질랜드,오클랜드 중심가,비아덕트 하버,29,1,4.62
뉴질랜드,오클랜드 중심가,퀸 스트리트,10,0,4.61
뉴질랜드,오클랜드 중심가,원 트리 힐,28,2,4.62
뉴질랜드,오클랜드 중심가,오클랜드 하버 브리지,8,2,4.37
뉴질랜드,오클랜드 중심가,스카이 타워,30,0,4.62
뉴질랜드,오클랜드 중심가,Tamaki Makaurau Auckland isite,10,0,4.67
뉴질랜드,오클랜드 중심가,알버트 파크,10,0,4.64
뉴질랜드,오클랜드 중심가,North Head Historic Reserve,10,0,4.76
뉴질랜드,오클랜드 중심가,오클랜드 박물관,29,1,4.66
뉴질랜드,오클랜드 중심가,폰손비,10,0,4.64
뉴질랜드,오클랜드 중심가,랑기토토 섬,9,1,4.56
뉴질랜드,오클랜드 중심가,켈리 탈튼의 남극 체험관 & 언더워터 월드,10,0,4.55
뉴질랜드,오클랜드 중심가,Tiritiri Matangi Island,10,0,4.82
뉴질랜드,퀸즈타운,퀸즈타운 스카이 라인 - 곤돌라 & 루지,30,0,4.8
뉴질랜드,퀸즈타운,Queenstown Hill,30,0,4.91
뉴질랜드,퀸즈타운,Queenstown Gardens,30,0,4.84
뉴질랜드,퀸즈타운,Lake Wakatipu,28,2,4.64
뉴질랜드,퀸즈타운,Tahuna Queenstown isite Visitor Information Centre,10,0,4.7
뉴질랜드,퀸즈타운,Queenstown Mall,10,0,4.7
뉴질랜드,퀸즈타운,Frankton Therapeutic Massage Queenstown,10,0,4.85
뉴질랜드,퀸즈타운,RealNZ,9,1,4.68
뉴질랜드,퀸즈타운,AJ Hackett Bungy New Zealand,10,0,4.79
뉴질랜드,크라이스트처치,크라이스트처치 식물원,29,1,4.76
뉴질랜드,크라이스트처치,해글리 공원,30,0,4.77
뉴질랜드,크라이스트처치,Quake City,10,0,4.82
뉴질랜드,크라이스트처치,Christchurch Tramway,6,4,3.88
뉴질랜드,크라이스트처치,International Antarctic Centre,7,3,4.08
뉴질랜드,크라이스트처치,Christchurch Cathedral,27,3,4.37
뉴질랜드,크라이스트처치,캔터베리 박물관,29,1,4.6
뉴질랜드,크라이스트처치,Robert Falcon Scott Statue,6,3,4.08
뉴질랜드,크라이스트처치,Margaret Mahy Family Playground,10,0,4.76
뉴질랜드,크라이스트처치,Mona Vale,9,1,4.53
뉴질랜드,크라이스트처치,Hassle Free Tours,10,0,4.82
뉴질랜드,크라이스트처치,Botanic Gardens Tour,9,1,4.71
뉴질랜드,크라이스트처치,Victoria Park,10,0,4.7
뉴질랜드,웰링턴,웰링턴 케이블 카,27,3,4.5
뉴질랜드,웰링턴,뉴질랜드 박물관 (테파파),30,0,4.8
뉴질랜드,웰링턴,빅토리아 산,10,0,4.76
뉴질랜드,웰링턴,웰링턴 식물원,10,0,4.7
뉴질랜드,웰링턴,쿠바 스트리트 지구,25,5,4.26
뉴질랜드,웰링턴,Oriental Bay,9,1,4.56
뉴질랜드,웰링턴,국회 의사당,10,0,4.67
뉴질랜드,웰링턴,Wellington Waterfront,9,1,4.5
뉴질랜드,웰링턴,웰링턴 시티 & 해양 박물관,9,1,4.56
뉴질랜드,웰링턴,웰링턴 동물원,7,3,4.08
뉴질랜드,웰링턴,인터아일랜더 쿡 스트레이트 페리,9,1,4.44
뉴질랜드,웰링턴,Wellington Chocolate Factory,8,2,4.52
대만,타이페이,장개석 기념관,29,1,4.67
대만,타이페이,Taipei Metro System,29,1,4.72
대만,타이페이,Ximending,27,3,4.42
대만,타이페이,타이베이 101,30,0,4.68
대만,타이페이,Shilin Night Market,25,5,4.22
대만,타이페이,용산사,28,2,4.48
대만,타이페이,Elephant Mountain (aka Nangang District Hiking Trail),28,2,4.56
대만,타이페이,Maokong Gondola,27,3,4.55
대만,타이페이,TAIPEI 101 Observatory,26,4,4.33
대만,타이페이,Taoyuan International Airport MRT,30,0,4.75
대만,타이페이,대만 국립 고궁 박물관,30,0,4.71
대만,타이페이,Taiwan High Speed Rail,30,0,4.74
대만,타이페이,타이페이 아이,30,0,4.71
대만,타이페이,Beitou Hot Spring,28,2,4.47
대만,타이페이,양민산 국립 공원,30,0,4.76
대만,가오슝,The Pier-2 Art Centre,28,2,4.5
대만,가오슝,포광산,30,0,4.77
대만,가오슝,Kaohsiung Main Public Library,29,1,4.61
대만,가오슝,Kaohsiung Museum of Fine Arts,10,0,4.64
대만,가오슝,Fo Guang Shan Buddha Museum,30,0,4.85
대만,가오슝,Dragon Tiger Tower,30,0,4.67
대만,가오슝,Tuntex 85 Sky Tower,24,6,4.16
대만,가오슝,Cijin Island,30,0,4.81
대만,가오슝,Xiziwan,29,1,4.61
대만,가오슝,Formosa Boulevard Station,28,2,4.51
대만,가오슝,Central Park Kaohsiung,26,4,4.35
대만,가오슝,Kaohsiung (Cihou) Lighthouse,30,0,4.66
대만,가오슝,The Dome of Light,27,3,4.32
대만,가오슝,Chengcing Lake,9,1,4.47
대만,화롄,Chishingtan Scenic Area,25,5,4.24
대만,화롄,Taroko National Park,28,2,4.72
대만,화롄,Taroko Gorge,30,0,4.86
대만,화롄,Hualien Tourist Fish Harbor,1,0,4.5
대만,화롄,Hualien Harbor Scenic Bridge,2,1,4.07
대만,화롄,Yanzihkou Trail (Swallow Grotto),29,1,4.7
대만,화롄,Dongdamen Night Market,6,4,3.97
대만,화롄,Farglory Ocean Park,30,0,4.7
대만,화롄,Yuli Antong Hot Spring,30,0,4.62
대만,화롄,Su-Hua Highway,9,1,4.62
대만,화롄,Zhuilu Old Trail,10,0,4.67
대만,화롄,Shakadang Trail,29,1,4.72
대만,화롄,Qingshui Cliff,10,0,4.67
대만,타이난,Chihkan Tower (Fort Provintia),28,2,4.54
대만,타이난,Guanziling Hot Spring,9,1,4.62
대만,타이난,Confucius Temple,28,2,4.38
대만,타이난,Ji Dian Wu Miao,6,0,4.58
대만,타이난,Chimei Museum,26,4,4.49
대만,타이난,National Cheng Kung University,10,0,4.73
대만,타이난,National Museum of Taiwan History,10,0,4.64
대만,타이난,Tainan Art Museum,7,0,4.71
대만,타이난,Anping Fort (Anping gubao),27,3,4.42
대만,타이난,Tainan Station,9,1,4.35
대만,타이난,안평수옥,28,2,4.48
대만,타이난,National Museum of Taiwan Literature,8,2,4.31
대만,타이난,National Anping Harbor Historic Park,5,0,4.53
대만,타이난,Hayashi Department Store,30,0,4.66
독일,베를린,브란덴부르크 문 (브란덴부르크 토어),26,4,4.37
독일,베를린,이스트 사이드 갤러리,26,4,4.32
독일,베를린,Berliner Dom,30,0,4.76
독일,베를린,Berlin Central Station,27,3,4.38
독일,베를린,Tiergarten,30,0,4.86
독일,베를린,테러의 토포그래피 박물관,30,0,4.69
독일,베를린,도이쳐 분데슈타크,29,1,4.68
독일,베를린,홀로코스트 기념관 (유대인 학살 추모 공원),30,0,4.8
독일,베를린,Museum Island,27,3,4.5
독일,베를린,베를린 장벽 기념관,29,1,4.53
독일,베를린,Berliner Fernsehturm,25,5,4.18
독일,베를린,Berliner Philharmonie,30,0,4.85
독일,베를린,젠다르멘 광장,30,0,4.76
독일,베를린,페르가몬 박물관,22,8,4.01
독일,베를린,Mitte,28,2,4.6
독일,뮌헨,마리엔 광장,29,1,4.57
독일,뮌헨,New Town Hall (Neus Rathaus),30,0,4.56
독일,뮌헨,BMW 박물관,29,1,4.63
독일,뮌헨,Allianz Arena,30,0,4.74
독일,뮌헨,Nymphenburg Palace,30,0,4.8
독일,뮌헨,Olympic Tower,29,1,4.5
독일,뮌헨,잉글리쉬 가든,30,0,4.8
독일,뮌헨,Residenz,30,0,4.77
독일,뮌헨,FC Bayern Museum,9,1,4.47
독일,뮌헨,Viktualienmarkt,24,6,4.25
독일,뮌헨,Munich Central Station,24,6,4.09
독일,뮌헨,St. Peter's Church,29,1,4.6
독일,뮌헨,Rathaus-Glockenspiel,29,1,4.61
독일,뮌헨,Theresienwiese,30,0,4.8
독일,프랑크푸르트,Romer,29,1,4.62
독일,프랑크푸르트,Cathedral of St. Bartholomew (Dom St. Bartholomaus),30,0,4.61
독일,프랑크푸르트,Main Tower,28,2,4.5
독일,프랑크푸르트,Frankfurt am Main Hauptbahnhof,30,0,4.61
독일,프랑크푸르트,Roemerberg,9,1,4.47
독일,프랑크푸르트,Stadel Museum,30,0,4.8
독일,프랑크푸르트,Messe Frankfurt,26,4,4.33
독일,프랑크푸르트,Deutsche Bank Park,10,0,4.64
독일,프랑크푸르트,Iron Bridge,30,0,4.65
독일,프랑크푸르트,The Hauptwache,30,0,4.63
독일,프랑크푸르트,Mainkai,30,0,4.8
독일,프랑크푸르트,Commerzbank,8,2,4.19
독일,프랑크푸르트,Opera Frankfurt,10,0,4.67
독일,프랑크푸르트,Eschenheimer Turm,9,1,4.38
독일,프랑크푸르트,Frankfurt Christmas Market,9,1,4.59
독일,함부르크,Hamburg Town Hall,29,1,4.69
독일,함부르크,Port of Hamburg,28,2,4.53
독일,함부르크,Miniatur Wunderland,8,2,4.58
독일,함부르크,Kunsthalle Hamburg,9,1,4.5
독일,함부르크,Elbphilharmonie,8,2,4.46
독일,함부르크,Treppenviertel Blankenese,10,0,4.73
독일,함부르크,International Maritime Museum,10,0,4.82
독일,함부르크,Jungfernstieg,10,0,4.61
독일,함부르크,St. Michael's Church,9,1,4.38
독일,함부르크,Alster Lakes,10,0,4.73
독일,함부르크,Alter Elbtunnel,10,0,4.64
독일,함부르크,HafenCity,9,1,4.41
독일,함부르크,Hamburger Dom,10,0,4.64
독일,함부르크,Hamburg Hauptbahnhof,5,5,3.62
독일,함부르크,St Nikolai Memorial,10,0,4.79
러시아,모스크바,붉은 광장,30,0,4.75
러시아,모스크바,모스크바 크렘린,29,1,4.64
러시아,모스크바,Moscow Metro,28,2,4.65
러시아,모스크바,성 바실리 성당,28,2,4.6
러시아,모스크바,Sparrow Hills (Vorobyovy Gory),9,1,4.44
러시아,모스크바,Lomonosov Moscow State University (MGU),10,0,4.67
러시아,모스크바,Moscow-City,9,1,4.41
러시아,모스크바,Bolshoi Theatre,30,0,4.84
러시아,모스크바,High-Speed Train Sapsan,10,0,4.79
러시아,모스크바,Old Arbat (Stary Arbat),23,7,4.11
러시아,모스크바,GUM 백화점,25,5,4.31
러시아,모스크바,Kremlin Walls and Towers,25,5,4.31
러시아,모스크바,Moscow Cathedral Mosque,10,0,4.64
러시아,모스크바,Ostankino TV Tower,8,2,4.49
러시아,모스크바,Cathedral of Christ the Saviour,30,0,4.74
러시아,상트페테르부르크,피의 사원,30,0,4.85
러시아,상트페테르부르크,네프스키 프로스펙트,29,1,4.66
러시아,상트페테르부르크,Palace Bridge,10,0,4.73
러시아,상트페테르부르크,The State Museum St. Isaac’s Cathedral,30,0,4.77
러시아,상트페테르부르크,Admiralteyskaya Station,1,0,4.5
러시아,상트페테르부르크,Gazprom Arena,10,0,4.7
러시아,상트페테르부르크,University Embankment,9,0,4.71
러시아,상트페테르부르크,The Building Of The Admiralty,9,1,4.47
러시아,상트페테르부르크,Moscow Railway Station,6,1,4.46
러시아,상트페테르부르크,Monument to A. D. Sakharov,1,0,4.5
러시아,상트페테르부르크,Catherine Palace and Park,30,0,4.82
러시아,상트페테르부르크,Smolny Cathedral,10,0,4.7
러시아,상트페테르부르크,Nicholas Naval Cathedral of The Epiphany,8,2,4.19
러시아,블라디보스토크,Eagle's Nest Mount,28,2,4.46
러시아,블라디보스토크,Memorial to the Fighters for the Soviet Power in the Far East,30,0,4.57
러시아,블라디보스토크,Golden Bridge,30,0,4.64
러시아,블라디보스토크,Russky Bridge,29,1,4.66
러시아,블라디보스토크,Monument to Sailors,1,1,4.21
러시아,블라디보스토크,Railroad Terminal,28,2,4.41
러시아,블라디보스토크,Railway Station,3,0,4.51
러시아,블라디보스토크,Svetlanskaya Street,27,3,4.29
러시아,블라디보스토크,Monument of Cyril and Methodius/ Educators and creators of the Slavic alphabet,30,0,4.66
러시아,블라디보스토크,Lighthouse Egersheld,30,0,4.69
러시아,블라디보스토크,Funicular in Vladivostok,30,0,4.65
러시아,블라디보스토크,Explore Primorye,10,0,4.82
러시아,블라디보스토크,Railroad Square,20,0,4.59
러시아,소치,Arboretum Park,8,2,4.43
러시아,소치,Krasnaya Polyana Mountain Cluster,10,0,4.85
러시아,소치,Riviera Park,7,3,4.17
러시아,소치,Rosa Khutor Ski Resort,30,0,4.72
러시아,소치,Olimpiyskiy Park,30,0,4.53
러시아,소치,Sochi Discovery World Aquarium,30,0,4.21
러시아,소치,Sochi Park,30,0,4.18
러시아,소치,Skypark,30,0,4.91
러시아,소치,Southern Cultures Park,30,0,4.57
러시아,소치,Agura Waterfalls,30,0,4.75
러시아,소치,The Observation Tower on Akhun Mountain,30,0,4.69
마카오,마카오,성 바울 성당 유적,30,0,4.64
마카오,마카오,베네시안 마카오 카지노,30,0,4.66
마카오,마카오,세나도 광장,29,1,4.52
마카오,마카오,하우스 오브 댄싱 워터,30,0,4.88
마카오,마카오,마카오 타워 컨벤션 & 엔터테인먼트 센터,28,2,4.46
마카오,마카오,마카오 박물관,30,0,4.65
마카오,마카오,몬테 요새,28,2,4.5
마카오,마카오,Skypark Macau Tower by AJ Hackett,29,1,4.59
마카오,마카오,윈 마카오,26,4,4.43
마카오,마카오,마카오 역사지구,29,1,4.51
마카오,마카오,A-Ma Temple (Ma Kok Miu),30,0,4.57
마카오,마카오,마카오 피셔맨스 워프,24,6,4.1
마카오,마카오,Performance Lake at Wynn Palace,30,0,4.81
말레이시아,쿠알라룸푸르,페트로나스 트윈 타워,30,0,4.83
말레이시아,쿠알라룸푸르,센트럴 마켓 쿠알라룸푸르,26,4,4.33
말레이시아,쿠알라룸푸르,쿠알라룸푸르 컨벤션 센터,30,0,4.63
말레이시아,쿠알라룸푸르,리틀 인디아 - 쿠알라룸푸르,24,6,4.17
말레이시아,쿠알라룸푸르,KLCC Park,28,2,4.69
말레이시아,쿠알라룸푸르,파빌리온 KL,30,0,4.75
말레이시아,쿠알라룸푸르,쿠알라룸푸르 버드 파크,28,2,4.51
말레이시아,쿠알라룸푸르,GO KL City Bus,28,2,4.6
말레이시아,쿠알라룸푸르,KLIA Ekspres,29,1,4.7
말레이시아,쿠알라룸푸르,Kuala Lumpur Sentral Railway Station,30,0,4.68
말레이시아,쿠알라룸푸르,부킷 빈탕,30,0,4.62
말레이시아,쿠알라룸푸르,잘란 알로,22,8,4.04
말레이시아,쿠알라룸푸르,Kuala Lumpur City Gallery,28,2,4.53
말레이시아,쿠알라룸푸르,로열 슬랑고르,29,1,4.56
말레이시아,코타키나발루,마누칸 섬,27,3,4.44
말레이시아,코타키나발루,Kota Kinabalu City Mosque,30,0,4.7
말레이시아,코타키나발루,Tanjung Aru Beach,28,2,4.58
말레이시아,코타키나발루,Imago Shopping Mall,30,0,4.68
말레이시아,코타키나발루,Mantanani Island,24,6,4.23
말레이시아,코타키나발루,자스민 마사지,28,2,4.66
말레이시아,코타키나발루,Sapi Island,23,7,4.08
말레이시아,코타키나발루,I Love KK,9,1,4.41
말레이시아,코타키나발루,Tanjung Aru Perdana Park,28,2,4.47
말레이시아,코타키나발루,Tunku Abdul Rahman Marine Park,28,2,4.48
말레이시아,코타키나발루,Jesselton Point,29,1,4.6
말레이시아,코타키나발루,Signal Hill Observatory Platform,22,8,3.89
말레이시아,코타키나발루,"Night Market, Kota Kinabalu",20,10,3.82
말레이시아,코타키나발루,Land Below The Wind,10,0,4.85
말레이시아,코타키나발루,Poring Hot Springs,24,6,4.09
말레이시아,랑카위,Panorama Langkawi SkyCab,28,2,4.54
말레이시아,랑카위,랑카위 스카이 브리지,28,2,4.63
말레이시아,랑카위,Eagle Square,29,1,4.52
말레이시아,랑카위,Cenang Beach,28,2,4.51
말레이시아,랑카위,Kilim Karst Geoforest Park,30,0,4.77
말레이시아,랑카위,Tanjung Rhu Beach,26,4,4.52
말레이시아,랑카위,Oriental Village,9,1,4.44
말레이시아,랑카위,Langkawi Night Market,9,1,4.38
말레이시아,랑카위,Fauna Flora Eco,10,0,4.85
말레이시아,랑카위,Cenang Mall,30,0,4.51
말레이시아,랑카위,Tengah Beach,9,1,4.47
말레이시아,랑카위,Pulau Payar Marine Park,8,2,4.13
말레이시아,랑카위,Dev's Adventure Tours,10,0,4.85
말레이시아,멜라카,A Famosa Fort,26,4,4.29
말레이시아,멜라카,Christ Church,28,2,4.6
말레이시아,멜라카,Melaka Clock Tower,9,1,4.29
말레이시아,멜라카,Malacca River,30,0,4.71
말레이시아,멜라카,Villa Sentosa (Malay Living Museum),10,0,4.76
말레이시아,멜라카,존커 스트리트,26,4,4.37
말레이시아,멜라카,The Huskitory,10,0,4.85
말레이시아,멜라카,Hang Jebat Mausoleum,6,2,4.13
말레이시아,멜라카,St. Paul's Hill & Church (Bukit St. Paul),29,1,4.63
말레이시아,멜라카,Pengkalan Balak Beach (Pantai Pengkalan Balak),25,0,4.57
말레이시아,멜라카,AEON Bandaraya Melaka Shopping Centre,30,0,4.54
말레이시아,멜라카,Melaka Straits Mosque,29,1,4.77
말레이시아,멜라카,Dataran Pahlawan Melaka Megamall,10,0,4.55
말레이시아,멜라카,Melaka River Cruise,8,2,4.28
말레이시아,멜라카,Pantai Klebang,30,0,4.23
멕시코,멕시코시티,Zocalo,30,0,4.78
멕시코,멕시코시티,국립 인류학 박물관,30,0,4.83
멕시코,멕시코시티,코요아칸,30,0,4.79
멕시코,멕시코시티,Paseo de la Reforma,29,1,4.59
멕시코,멕시코시티,마요르 사원 박물관,10,0,4.79
멕시코,멕시코시티,San Angel,10,0,4.76
멕시코,멕시코시티,Mercado De Artesanias La Ciudadela,8,2,4.4
멕시코,멕시코시티,Catedral Metropolitana de la Ciudad de México,30,0,4.82
멕시코,멕시코시티,차풀테펙 성,28,2,4.65
멕시코,멕시코시티,Mercado de San Juan,10,0,4.82
멕시코,멕시코시티,역사 지구,8,2,4.4
멕시코,멕시코시티,Basilica de Santa Maria de Guadalupe,28,2,4.66
멕시코,멕시코시티,프리다 칼로 박물관,27,3,4.49
멕시코,멕시코시티,La Merced,6,4,4.15
멕시코,칸쿤,La Isla,25,5,4.23
멕시코,칸쿤,Avenida Kukulkan,9,1,4.5
멕시코,칸쿤,Playa Delfines,27,3,4.47
멕시코,칸쿤,Happy Shuttle Cancun,10,0,4.73
멕시코,칸쿤,Coco Bongo Cancun,26,4,4.19
멕시코,칸쿤,Terminal Autobuses ADO,6,4,3.94
멕시코,칸쿤,Entertainment Plus,10,0,4.76
멕시코,칸쿤,Beto Avila Stadium,10,0,4.76
멕시코,칸쿤,Plaza Las Americas,7,3,4.23
멕시코,툴룸,툴룸의 마야 유적지,30,0,4.73
멕시코,툴룸,Mayan Beach,10,0,4.73
멕시코,툴룸,OZ Adventures,9,1,4.74
멕시코,툴룸,Playa Paraiso,7,3,4.02
멕시코,툴룸,Gran Cenote,9,1,4.62
멕시코,툴룸,Laguna Kaan Luum,8,2,4.52
몽골,울란바토르,Zaisan Memorial,29,1,4.64
몽골,울란바토르,Gorkhi-Terelj National Park,30,0,4.85
몽골,울란바토르,Galleria Souvenir Store,10,0,4.73
몽골,울란바토르,Galleria Souvenir,4,0,4.82
몽골,울란바토르,Choijin Lama Temple Museum,9,1,4.38
몽골,울란바토르,Altai Bighorn Statue,2,2,4.1
몽골,울란바토르,Genghis Khan Square,30,0,4.76
몽골,울란바토르,The State Department Store,7,3,4.26
몽골,울란바토르,National History Museum,30,0,4.67
몽골,울란바토르,Genghis Khan Statue Complex,28,2,4.48
몽골,울란바토르,Dream Mongolia Tours,30,0,4.9
몽골,울란바토르,Lotus Thai Massage,10,0,4.79
몽골,울란바토르,Galleria Ulaanbaatar,10,0,4.85
몽골,울란바토르,Hustai National Park,8,2,4.49
미국,뉴욕,메트로폴리탄 미술관,28,2,4.6
미국,뉴욕,록펠러 센터 전망대,30,0,4.85
미국,뉴욕,센트럴 파크,28,2,4.7
미국,뉴욕,타임 스퀘어,27,3,4.51
미국,뉴욕,엠파이어 스테이트 빌딩,28,2,4.53
미국,뉴욕,뉴욕 공공 도서관,30,0,4.74
미국,뉴욕,브로드웨이,30,0,4.81
미국,뉴욕,하이 라인,30,0,4.77
미국,뉴욕,브라이언트 파크,30,0,4.7
미국,뉴욕,그랜드 센트럴 터미널,30,0,4.75
미국,뉴욕,현대 미술관,30,0,4.63
미국,뉴욕,자유의 여신상,30,0,4.81
미국,뉴욕,록펠러 센터,30,0,4.78
미국,뉴욕,5번가,26,4,4.37
미국,뉴욕,One World Observatory,26,4,4.42
미국,샌프란시스코,금문교,30,0,4.71
미국,샌프란시스코,샌프란시스코 베이,30,0,4.73
미국,샌프란시스코,케이블 카,30,0,4.82
미국,샌프란시스코,트윈 픽스,30,0,4.81
미국,샌프란시스코,샌프란시스코 현대 미술관,30,0,4.77
미국,샌프란시스코,샌프란시스코 시청,30,0,4.71
미국,샌프란시스코,샌프란시스코 베이 브리지,30,0,4.57
미국,샌프란시스코,Lombard Street,30,0,4.63
미국,샌프란시스코,피어 39,29,1,4.61
미국,샌프란시스코,알카트라즈,30,0,4.7
미국,샌프란시스코,케이블 카 박물관,30,0,4.75
미국,샌프란시스코,피셔맨즈 워프,29,1,4.67
미국,샌프란시스코,Mission Dolores Park,29,1,4.66
미국,샌프란시스코,코이트 타워,30,0,4.68
미국,샌프란시스코,유니언 스퀘어,27,3,4.35
미국,라스베이거스,라스베이거스 프리미엄 아울렛,30,0,4.72
미국,라스베이거스,The Strip,28,2,4.51
미국,라스베이거스,Vegas Rockstar VIP,30,0,4.87
미국,라스베이거스,Welcome to Fabulous Las Vegas Sign,23,7,4.1
미국,라스베이거스,The Spa at Vdara,9,1,4.5
미국,라스베이거스,The Grand Canal Shoppes at The Venetian Resort,29,1,4.63
미국,라스베이거스,라스베가스 다운타운,27,3,4.56
미국,라스베이거스,Paris Las Vegas,30,0,4.67
미국,라스베이거스,Fremont Street Experience,28,2,4.48
미국,라스베이거스,스트래토스피어 타워,30,0,4.71
미국,라스베이거스,"Purple Reign, THE Prince Tribute Show!",30,0,4.44
미국,라스베이거스,Circus Circus Adventuredome Theme Park,7,3,4.05
미얀마,양곤,Yangon Central Railway Station,24,6,4.12
미얀마,양곤,쉐다곤 파고다,30,0,4.81
미얀마,양곤,Sule Pagoda,28,2,4.39
미얀마,양곤,Yangon Circular Train,23,7,4.11
미얀마,양곤,Botahtaung Pagoda,10,0,4.67
미얀마,양곤,Bogyoke Aung San Market,30,0,4.52
미얀마,양곤,Myanmar Plaza Shopping Center,10,0,4.61
미얀마,양곤,Immaculate Conception Cathedral,29,1,4.57
미얀마,양곤,The Rangoon War Cemetery,9,1,4.47
미얀마,양곤,JJ Express,29,1,4.78
미얀마,양곤,Maha Bandula Park,10,0,4.64
미얀마,양곤,Junction Square,9,1,4.35
미얀마,양곤,Yangon Chinatown,9,1,4.32
미얀마,양곤,Inya Lake,26,4,4.31
미얀마,양곤,Hledan Centre,4,0,4.44
미얀마,만달레이,Mandalay Hill,30,0,4.79
미얀마,만달레이,Kuthodaw Pagoda & the World's Largest Book,30,0,4.81
미얀마,만달레이,미하무니 파고다,30,0,4.76
미얀마,만달레이,황금 궁전 수도원 (쉐난도 짜웅),30,0,4.82
미얀마,만달레이,Sanda Muni Paya,10,0,4.73
미얀마,만달레이,Health Center Thai Massage,8,2,4.31
미얀마,만달레이,Mandalay Palace,10,0,4.49
미얀마,만달레이,Mandalay Fort,8,2,4.28
미얀마,만달레이,Kyauk Taw Gyi Pagoda,10,0,4.7
미얀마,만달레이,Pahtodawgyi,9,1,4.56
미얀마,바간,바간의 사원들,30,0,4.84
미얀마,바간,아난다 사원,29,1,4.7
미얀마,바간,쉐산도 파고다,30,0,4.68
미얀마,바간,Sulamani Guphaya Temple,10,0,4.76
미얀마,바간,쉐지곤 파야,30,0,4.76
미얀마,바간,Dhammayangyi Temple,28,2,4.69
미얀마,바간,Htilominlo Pahto,9,1,4.56
미얀마,바간,Thatbyinnyu Temple,10,0,4.7
미얀마,바간,Oriental Ballooning Bagan,10,0,4.85
미얀마,바간,Bagan Viewing Tower,10,0,4.64
미얀마,바간,Shwe-gyu-gyi,10,0,4.67
미얀마,바간,Buphaya Paya,10,0,4.61
미얀마,바간,Bagan Archaeological Museum,8,2,4.4
미얀마,바간,Jasmine Family Lacquerware Workshop,8,2,4.55
베트남,하노이,하노이 구시가,25,5,4.19
베트남,하노이,호안 끼엠 호수,26,4,4.36
베트남,하노이,LA Spa Trendy,30,0,4.91
베트남,하노이,Mido Spa,30,0,4.91
베트남,하노이,Serene Spa,30,0,4.89
베트남,하노이,La Belle Vie Spa,30,0,4.91
베트남,하노이,Hanoi Labelle Vie Spa,30,0,4.91
베트남,하노이,Mido Spa 1,29,1,4.84
베트남,하노이,Estheva Spa,30,0,4.91
베트남,하노이,L'essence Spa,30,0,4.91
베트남,하노이,Dragonfly Cruise,30,0,4.89
베트남,하노이,Midori Spa,29,1,4.8
베트남,하노이,호치민의 묘,29,1,4.55
베트남,하노이,Midori Spa 3,30,0,4.91
베트남,다낭,Dragon Bridge,24,6,4.16
베트남,다낭,Herbal Spa,30,0,4.91
베트남,다낭,다 낭 비치,29,1,4.51
베트남,다낭,Ba Na Hills,28,2,4.64
베트남,다낭,Lady Buddha,26,4,4.44
베트남,다낭,Dahan Spa Danang,30,0,4.91
베트남,다낭,Tabalo Outdoor,29,1,4.81
베트남,다낭,Panda Spa,30,0,4.87
베트남,다낭,My Khe Beach,28,2,4.5
베트남,다낭,NIRVA SPA,30,0,4.63
베트남,다낭,라스파,30,0,4.89
베트남,다낭,Da Nang Aodai Ridertour,30,0,4.91
스페인,바르셀로나,구엘 공원,28,2,4.58
스페인,바르셀로나,Spotify Camp Nou,30,0,4.8
스페인,바르셀로나,몬주익 공원,28,2,4.46
스페인,바르셀로나,고딕 지구 (바리 고틱),30,0,4.79
스페인,바르셀로나,Barcelona Cathedral,30,0,4.78
스페인,바르셀로나,Aerobús,30,0,4.79
스페인,바르셀로나,Parc d’Atraccions Tibidabo,30,0,4.82
스페인,바르셀로나,카탈루냐 국립 미술관 - MNAC,30,0,4.83
스페인,바르셀로나,Plaza de Catalunya,25,5,4.32
스페인,바르셀로나,그라시아 거리,27,3,4.44
스페인,바르셀로나,까딸라나 음악당,30,0,4.8
스페인,바르셀로나,보케리아 시장,23,7,4.05
스페인,바르셀로나,MUHBA Turó de la Rovira,29,1,4.71
스페인,마드리드,프라도 박물관,30,0,4.79
스페인,마드리드,Puerta del Sol,30,0,4.68
스페인,마드리드,마드리드 왕궁,29,1,4.67
스페인,마드리드,Santiago Bernabeu Stadium,29,1,4.71
스페인,마드리드,Gran Via,30,0,4.58
스페인,마드리드,Plaza de Cibeles,30,0,4.65
스페인,마드리드,레티로 파크 (파르 델 레티로),30,0,4.76
스페인,마드리드,Palacio de Cibeles,29,1,4.57
스페인,마드리드,Plaza Mayor,28,2,4.47
스페인,세비야,Plaza Mayor,28,2,4.47
스페인,마드리드,Templo de Debod,26,4,4.31
스페인,마드리드,Estacion de Atocha,30,0,4.62
스페인,마드리드,Madrid Metro,29,1,4.61
스페인,마드리드,티센-보르네밋사 박물관,30,0,4.84
스페인,마드리드,소피아 여왕 예술 센터,30,0,4.79
스페인,마드리드,Catedral de Sta Maria la Real de la Almudena,30,0,4.59
스페인,세비야,스페인 광장,27,3,4.64
스페인,세비야,세비야 대성당 (카테드랄 데 세비야),30,0,4.76
스페인,세비야,Torre Giralda,29,1,4.7
스페인,세비야,알카사르,26,4,4.4
스페인,세비야,Centro Historico de Sevilla,30,0,4.85
스페인,세비야,Setas de Sevilla (Metropol Parasol),29,1,4.61
스페인,세비야,Barrio Santa Cruz,30,0,4.77
스페인,세비야,마리아 루이사 공원,30,0,4.61
스페인,세비야,Torre del Oro,26,4,4.27
스페인,세비야,Iglesia Colegial del Salvador,27,3,4.53
스페인,세비야,Museo del Baile Flamenco,30,0,4.82
스페인,세비야,Plaza Nueva,30,0,4.64
스페인,세비야,Plaza del Triunfo,10,0,4.7
스페인,발렌시아,Ciudad de las Artes y las Ciencias,29,1,4.63
스페인,발렌시아,Oceanogràfic València,8,2,4.46
스페인,발렌시아,Central Market of Valencia,30,0,4.64
스페인,발렌시아,Valencia Cathedral,9,1,4.47
스페인,발렌시아,Estació del Nord,10,0,4.73
스페인,발렌시아,Miguelete,9,1,4.47
스페인,발렌시아,Plaza del Ayuntamiento,10,0,4.64
스페인,발렌시아,Plaza del Mercado (Placa del Mercat),9,1,4.59
스페인,발렌시아,Museu Faller de València,9,1,4.59
스페인,발렌시아,La Lonja de la Seda,10,0,4.73
스페인,발렌시아,Segway Anyway Valencia,10,0,4.85
스페인,발렌시아,Rent Bike Virgen,10,0,4.85
스페인,발렌시아,Puerto de Valencia,8,2,4.49
스페인,발렌시아,Torres de Serranos,10,0,4.7
슬로베니아,블레드,블레드 성,28,2,4.54
슬로베니아,블레드,Lake Bled,30,0,4.8
슬로베니아,블레드,Bled Island,29,1,4.64
슬로베니아,블레드,성모 승천 교회,9,1,4.41
슬로베니아,블레드,Mamut Slovenija,8,2,4.31
슬로베니아,블레드,Straza Bled,9,1,4.41
슬로베니아,블레드,Triglav National Park,9,1,4.68
슬로베니아,블레드,Zipline Dolinka,9,1,4.74
슬로베니아,블레드,3glav Adventures,10,0,4.85
슬로베니아,류블랴나,The Ljubljana Castle,30,0,4.65
슬로베니아,류블랴나,프레세렌 광장,30,0,4.85
슬로베니아,류블랴나,River Ljubljanica Kanal,10,0,4.55
슬로베니아,류블랴나,삼중교 (트로모스토브예),28,2,4.56
슬로베니아,류블랴나,Cankarjevo Nabrežje,10,0,4.64
슬로베니아,류블랴나,Ljubljana Free Tour,10,0,4.85
슬로베니아,류블랴나,Franciscan Church (Frančiškanska cerkev),10,0,4.76
슬로베니아,류블랴나,Skyscraper (Nebotičnik),8,2,4.31
슬로베니아,류블랴나,성 니콜라스 대성당,10,0,4.61
슬로베니아,류블랴나,Ljubljana Old Town,30,0,4.73
슬로베니아,류블랴나,Town Hall (Magistrat),10,0,4.52
슬로베니아,류블랴나,용의 다리 (즈마이스키 모스트),30,0,4.51
슬로베니아,류블랴나,Tivoli Park,10,0,4.73
슬로베니아,류블랴나,Shoemaker's Bridge (Cevljarski Most),8,2,4.19
슬로베니아,류블랴나,Vodnik Square (Vodnikov trg),10,0,4.61
슬로베니아,피란,Piran Town Walls,29,1,4.73
슬로베니아,피란,Church of St. George (Cerkev sv. Jurija) in Piran,10,0,4.73
슬로베니아,피란,타르티니 광장,30,0,4.78
슬로베니아,피란,Port Piran,10,0,4.61
슬로베니아,피란,First of May Square,8,2,4.19
슬로베니아,피란,Church of St. Francis of Assisi,10,0,4.58
슬로베니아,피란,Town Hall,10,0,4.58
싱가포르,싱가포르,가든즈 바이 더 베이,30,0,4.84
싱가포르,싱가포르,유니버셜 스튜디오 싱가포르,26,4,4.38
싱가포르,싱가포르,마리나 베이,30,0,4.81
싱가포르,싱가포르,싱가포르 케이블 카,30,0,4.74
싱가포르,싱가포르,차이나 타운,28,2,4.47
싱가포르,싱가포르,싱가포르 식물원,30,0,4.81
싱가포르,싱가포르,싱가포르 동물원,30,0,4.8
싱가포르,싱가포르,머라이언 공원,30,0,4.7
싱가포르,싱가포르,싱가포르 플라이어,30,0,4.71
싱가포르,싱가포르,오차드 로드,27,3,4.41
싱가포르,싱가포르,Cloud Forest,30,0,4.73
싱가포르,싱가포르,싱가포르 국립 박물관,30,0,4.8
싱가포르,싱가포르,Singapore Mass Rapid Transit (SMRT),27,3,4.62
싱가포르,싱가포르,싱가포르 국립 도서관,30,0,4.65
싱가포르,싱가포르,싱가포르 시티 갤러리,10,0,4.67
영국,런던,런던아이,22,8,3.99
영국,런던,대영 박물관,29,1,4.59
영국,런던,국립 미술관,30,0,4.82
영국,런던,런던 지하철,24,6,4.09
영국,런던,빅 벤,14,16,3.31
영국,런던,버킹엄 궁전,28,2,4.48
영국,런던,런던 자연사 박물관,30,0,4.76
영국,런던,타워 브리지,30,0,4.82
영국,런던,런던 타워,30,0,4.74
영국,런던,Sky Garden,28,2,4.64
영국,런던,하이드 파크,29,1,4.68
영국,런던,하이드 파크,29,1,4.65
오스트레일리아,시드니,하이드 파크,30,0,4.75
오스트레일리아,시드니,하이드 파크,30,0,4.72
영국,런던,The View from The Shard,30,0,4.72
영국,런던,피카딜리 서커스,29,1,4.7
영국,런던,빅토리아 앨버트 박물관,30,0,4.75
영국,런던,Borough Market,28,2,4.64
영국,에든버러,에든버러 성,29,1,4.64
영국,에든버러,로열 마일,30,0,4.89
영국,에든버러,Calton Hill,30,0,4.85
영국,에든버러,Scott Monument,30,0,4.77
영국,에든버러,Edinburgh Old Town,28,2,4.65
영국,에든버러,프린세스 스트리트 가든,28,2,4.66
영국,에든버러,Castle Rock,10,0,4.61
영국,에든버러,The Royal Edinburgh Military Tattoo,9,1,4.59
영국,에든버러,Grassmarket,10,0,4.64
영국,에든버러,홀리루드 파크,30,0,4.8
영국,에든버러,Edinburgh Waverley Station,7,3,4.11
영국,에든버러,Palace of Holyroodhouse,30,0,4.69
영국,에든버러,The Great Hall,10,0,4.76
영국,에든버러,St. Margaret's Chapel,9,1,4.5
영국,에든버러,The Edinburgh Dungeon,9,1,4.5
영국,맨체스터,Old Trafford,10,0,4.82
영국,맨체스터,Etihad Stadium,9,1,4.68
영국,맨체스터,National Football Museum,8,2,4.13
영국,맨체스터,The John Rylands Library,8,2,4.52
영국,맨체스터,Manchester Metrolink,6,4,3.7
영국,맨체스터,Victoria Station,7,3,4.14
영국,맨체스터,Science and Industry Museum,9,1,4.44
영국,맨체스터,Arndale Market,9,1,4.62
영국,맨체스터,Chinatown,4,6,3.58
영국,케임브리지,The River Cam,10,0,4.64
영국,케임브리지,Fitzwilliam Museum,10,0,4.76
영국,케임브리지,하버드 대학교,30,0,4.78
영국,케임브리지,매사추세츠 공과 대학교,30,0,4.73
영국,케임브리지,Galt,8,2,4.34
영국,케임브리지,하버드 광장,25,5,4.28
영국,케임브리지,하버드 자연사 박물관,9,1,4.5
영국,케임브리지,Salt Fork State Park,30,0,4.49
영국,케임브리지,University of Cambridge,10,0,4.79
영국,케임브리지,Cambridge Butterfly Conservatory,30,0,4.85
영국,케임브리지,Hamilton Family Theatre Cambridge,30,0,4.88
영국,케임브리지,Cambridge to Paris Rail Trail,30,0,4.77
영국,케임브리지,The Cambridge Gin Laboratory,30,0,4.89
영국,케임브리지,찰스 리버,10,0,4.64
오스트레일리아,시드니,시드니 오페라 하우스,28,2,4.66
오스트레일리아,시드니,시드니 하버,28,2,4.59
오스트레일리아,시드니,시드니 하버 브리지,30,0,4.87
오스트레일리아,시드니,시드니 아쿠아리움,27,3,4.43
오스트레일리아,시드니,시드니 페리,30,0,4.77
오스트레일리아,시드니,시드니 천문대,30,0,4.79
오스트레일리아,시드니,시드니 타워 아이 & 스카이워크,30,0,4.59
오스트레일리아,시드니,서큘러 키,30,0,4.67
오스트레일리아,시드니,본다이 비치,30,0,4.74
오스트레일리아,시드니,맨리 비치,28,2,4.51
오스트레일리아,시드니,퀸 빅토리아 빌딩 (QVB),29,1,4.56
오스트레일리아,시드니,왓슨스 베이,30,0,4.75
오스트레일리아,시드니,더 록스,30,0,4.66
오스트레일리아,시드니,달링 하버,30,0,4.64
오스트레일리아,멜버른,유레카 스카이덱 88,30,0,4.69
오스트레일리아,멜버른,시티 서클 트램,30,0,4.75
오스트레일리아,멜버른,플린더스 스트리트 역,28,2,4.53
오스트레일리아,멜버른,야라 강,30,0,4.84
오스트레일리아,멜버른,멜버른 박물관,30,0,4.8
오스트레일리아,멜버른,세이트 패트릭 대성당,30,0,4.74
오스트레일리아,멜버른,Degraves Street,29,1,4.6
오스트레일리아,멜버른,멜버른 전쟁 기념관,30,0,4.76
오스트레일리아,멜버른,구 멜버른 감옥,23,7,4.22
오스트레일리아,멜버른,멜버른 왕립 식물원,30,0,4.87
오스트레일리아,멜버른,블록 아케이드,29,1,4.62
오스트레일리아,멜버른,Southbank,30,0,4.67
오스트레일리아,멜버른,피츠로이 정원,29,1,4.74
오스트레일리아,멜버른,Collins Street,30,0,4.73
오스트레일리아,브리즈번,브리즈번 강,30,0,4.81
오스트레일리아,브리즈번,마운트 쿠사 전망대,30,0,4.77
오스트레일리아,브리즈번,사우스 뱅크 파크랜드,30,0,4.83
오스트레일리아,브리즈번,휠 오브 브리즈번,30,0,4.7
오스트레일리아,브리즈번,시티캣 페리,30,0,4.75
오스트레일리아,브리즈번,브리즈번 식물원,10,0,4.73
오스트레일리아,브리즈번,City Hopper,10,0,4.82
오스트레일리아,브리즈번,론 파인 코알라 보호 구역,30,0,4.75
오스트레일리아,브리즈번,브리즈번 박물관,10,0,4.64
오스트레일리아,브리즈번,City Hall,10,0,4.7
오스트레일리아,브리즈번,스토리 브리지,10,0,4.67
오스트레일리아,브리즈번,Brisbane Greeters,10,0,4.85
오스트레일리아,브리즈번,Eat Street Northshore,10,0,4.64
오스트레일리아,브리즈번,Kangaroo Point Cliffs Park,10,0,4.76
오스트레일리아,브리즈번,Anzac Square & Memorial Galleries,9,1,4.5
오스트레일리아,케언스,Esplanade Boardwalk,28,2,4.6
오스트레일리아,케언스,Kuranda Scenic Railway,10,0,4.79
오스트레일리아,케언스,Cairns Aquarium,8,2,4.64
오스트레일리아,케언스,Northern Experience Eco Tours,10,0,4.79
오스트레일리아,케언스,Reef Magic Cruises,30,0,4.77
오스트레일리아,케언스,Cairns Esplanade Lagoon,30,0,4.77
오스트레일리아,케언스,Rusty's Market,10,0,4.76
오스트레일리아,케언스,Josephine Falls,10,0,4.82
오스트레일리아,케언스,Cairns Botanic Gardens,10,0,4.73
오스트레일리아,케언스,Great Barrier Reef,30,0,4.75
오스트레일리아,케언스,Down Under Cruise & Dive,10,0,4.82
오스트레일리아,케언스,Green Island,6,4,3.97
오스트레일리아,케언스,Night Markets,3,7,3.38
오스트레일리아,케언스,Divers Den,10,0,4.76
인도,뭄바이,게이트웨이 오브 인디아,26,4,4.34
인도,뭄바이,차트라바띠 시와지 역,26,4,4.45
인도,뭄바이,마린 드라이브,30,0,4.67
인도,뭄바이,Bandra-Worli Sea Link,9,1,4.65
인도,뭄바이,Chhatrapati Shivaji Maharaj Vastu Sangrahalaya,9,1,4.56
인도,뭄바이,Powai Lake,8,2,4.19
인도,뭄바이,Hanging Gardens,7,3,4.05
인도,뭄바이,High Street Phoenix,10,0,4.64
인도,뭄바이,High Court Principal Bench Bombay,10,0,4.73
인도,뭄바이,Sanjay Gandhi National Park,7,3,4.17
인도,뭄바이,Juhu Beach,10,0,4.64
인도,뭄바이,WOB India Tours,10,0,4.82
인도,뭄바이,St. Thomas Cathedral Mumbai,10,0,4.64
인도,뭄바이,시바지 공원,10,0,4.64
인도,뉴델리,꾸뜹 미나르,28,2,4.63
인도,뉴델리,인디아 게이트,26,4,4.4
인도,뉴델리,Delhi Airport Metro Express,29,1,4.7
인도,뉴델리,후마윤의 묘,29,1,4.63
인도,뉴델리,Connaught Place,28,2,4.54
인도,뉴델리,Driver India Private Tours,10,0,4.85
인도,뉴델리,대통령 관저 (라파티 바반),8,2,4.13
인도,뉴델리,Classic Golf Resort,6,0,4.58
인도,뉴델리,하우즈 카스 빌리지,9,1,4.53
인도,뉴델리,North India Private Driver,10,0,4.82
인도,뉴델리,잔타르 만타르 - 델리,9,1,4.44
인도,뉴델리,찬드니 초크,27,3,4.44
인도,뉴델리,붉은 요새 (랄 킬라),28,2,4.47
인도,뉴델리,Private India Tour Advisor,10,0,4.85
인도,아그라,아그라 요새,26,4,4.34
인도,아그라,타지마할,30,0,4.81
인도,아그라,Raj Travels India,10,0,4.82
인도,아그라,Sheesh Mahal,6,4,4.03
인도,아그라,City of love boat tour,9,0,4.85
인도,아그라,Ashok Cosmos Mall,4,5,3.79
인도,아그라,이티마드 우드 다울라,9,1,4.65
인도,자이푸르,안 벨성,30,0,4.85
인도,자이푸르,바람의 궁전 (하와 마할),29,1,4.6
인도,자이푸르,자이푸르 시티 팰리스,30,0,4.69
인도,자이푸르,Sunny Tour Travels,1,0,4.5
인도,자이푸르,Jaigarh Fort,10,0,4.85
인도,자이푸르,Unique Jaipur Tour,10,0,4.82
인도,자이푸르,Easy Peasy Tours,10,0,4.85
인도,자이푸르,Nahargarh Fort,9,1,4.53
인도,자이푸르,Namaste Jaipur Tours,10,0,4.85
인도,자이푸르,자이푸르 잔타르 만타르,29,1,4.51
인도,자이푸르,Kerala Ayurveda Kendra,10,0,4.7
인도,자이푸르,Jaipur Zoo,7,3,4.26
인도네시아,발리,워터밤 발리,30,0,4.85
인도네시아,발리,발리 컬렉션,26,4,4.21
인도네시아,발리,Kuta Beach - Bali,27,3,4.36
인도네시아,발리,발리 고급 스파 & 한국 식당 로즈힐,30,0,4.83
인도네시아,발리,UP2U 서프 스쿨 발리,28,2,4.76
인도네시아,발리,Bali SUN Tours,30,0,4.91
인도네시아,발리,Bali Swing,30,0,4.91
인도네시아,발리,몽키 포레스트,28,2,4.57
인도네시아,발리,몰 발리 갤러리아,22,8,4.05
인도네시아,발리,The Care Day Spa,29,1,4.71
인도네시아,발리,Nusa Bali Spa,30,0,4.91
인도네시아,발리,Zahra Spa,26,4,4.5
인도네시아,발리,띠르따 엠풀 사원,28,2,4.66
인도네시아,발리,Bhava Spa Kuta,30,0,4.91
인도네시아,발리,Karsa Spa,30,0,4.84
인도네시아,반둥,Braga Street,9,1,4.47
인도네시아,반둥,Jalan Asia Afrika,9,1,4.65
인도네시아,반둥,Bandung Grand Mosque,10,0,4.58
인도네시아,반둥,Bandung City Square,8,2,4.19
인도네시아,반둥,Ciater Hot Spring,8,2,4.34
인도네시아,반둥,Trans Studio Bandung,8,2,4.25
인도네시아,반둥,Ola Family Spa & Reflexology,9,1,4.59
인도네시아,반둥,Rumah Mode Factory Outlet,7,3,4.05
인도네시아,반둥,Trans Studio Mall,9,1,4.5
인도네시아,반둥,Amazing Art World,10,0,4.76
인도네시아,반둥,Sudirman Street,5,5,4.01
인도네시아,자카르타,자카르타 대성당,29,1,4.64
인도네시아,자카르타,모나스,28,2,4.36
인도네시아,자카르타,Grand Indonesia Mall,28,2,4.56
인도네시아,자카르타,이스티크랄 모스크 (이스티크랄 사원),29,1,4.6
인도네시아,자카르타,Gambir Train Station,8,2,4.34
인도네시아,자카르타,Jakarta Old Town,24,6,4.23
인도네시아,자카르타,스리부 섬 (천개의 섬),28,2,4.54
인도네시아,자카르타,Ragunan Zoo,8,2,4.22
인도네시아,자카르타,타만 미니 인도네시아 인다,29,1,4.55
인도네시아,자카르타,안촐 유원지,27,3,4.44
인도네시아,자카르타,Taman Anggrek Mall,10,0,4.7
인도네시아,자카르타,국립 박물관,29,1,4.6
인도네시아,자카르타,Plaza Indonesia,9,1,4.56
인도네시아,자카르타,Pondok Indah Water Park,9,1,4.5
인도네시아,자카르타,차이나타운,7,3,4.14
일본,도쿄,도쿄 타워,30,0,4.77
일본,도쿄,오다이바,30,0,4.76
일본,도쿄,에도-도쿄 박물관,29,1,4.64
일본,도쿄,도쿄역,30,0,4.57
일본,도쿄,모리 타워,30,0,4.78
일본,도쿄,도쿄 스카이 트리,30,0,4.73
일본,도쿄,도쿄돔,30,0,4.72
일본,도쿄,도쿄 국립 박물관,27,3,4.38
일본,도쿄,도쿄 도청,29,1,4.5
일본,도쿄,Tokyo Metropolitan Government Building Observation Decks,30,0,4.74
일본,도쿄,아사쿠사,29,1,4.64
일본,도쿄,긴자 환락가,28,2,4.7
일본,도쿄,도쿄 돔 시티,29,1,4.66
일본,오사카,도톤보리,26,4,4.35
일본,오사카,유니버셜 스튜디오 재팬,29,1,4.71
일본,오사카,우메다 스카이 빌딩 - 공중 정원 전망대,25,5,4.31
일본,오사카,오사카 성,22,8,3.94
일본,오사카,신사이바시,24,6,4.1
일본,오사카,쿠로몬 시장,25,5,4.31
일본,오사카,Osaka Kale Parkı,28,2,4.48
일본,오사카,HEP FIVE 관람차,28,2,4.45
일본,오사카,오사카 생활 박물관,25,5,4.28
일본,오사카,텐포잔 대관람차,27,3,4.42
일본,오사카,키즈 플라자 오사카,29,1,4.59
일본,오사카,오사카 시립 동양 도자 미술관,27,3,4.49
일본,오사카,Akiba Kart Osaka,30,0,4.91
일본,오사카,오사카 텐만구,28,2,4.32
일본,오사카,오사카 역사 박물관,29,1,4.53
일본,교토,금각사,26,4,4.32
일본,교토,후시미 이나리 신사,30,0,4.71
일본,교토,Kiyomizu-dera,26,4,4.29
일본,교토,은각사,28,2,4.69
일본,교토,교토역 빌딩,30,0,4.6
일본,교토,교토 타워,29,1,4.49
일본,교토,교토 니시키 시장,25,5,4.24
일본,교토,Gion,30,0,4.61
일본,교토,Arashiyama,30,0,4.68
일본,교토,교토 식물원,28,2,4.64
일본,교토,교토 궁전,30,0,4.62
일본,교토,Nijo Kalesi,30,0,4.74
일본,교토,산넨자카 니넨자카,30,0,4.65
일본,교토,에이칸도,30,0,4.77
일본,교토,산젠,30,0,4.81
일본,삿포로,JR 타워 전망대 T38,26,4,4.34
일본,삿포로,Odori Park,28,2,4.46
일본,삿포로,Susukino,30,0,4.68
일본,삿포로,Sapporo Beer Museum,29,1,4.54
일본,삿포로,삿포로 오쿠라야마 전망대,29,1,4.64
일본,삿포로,Sapporo TV Tower,30,0,4.66
일본,삿포로,홋카이도 대학 삿포로 캠퍼스,30,0,4.68
일본,삿포로,Clock Tower (Tokei-dai),11,19,3.03
일본,삿포로,Mt. Moiwa,30,0,4.71
일본,삿포로,Sapporo Underground Pedestrian Space,30,0,4.69
일본,삿포로,Sapporo City Transportation (Tram),30,0,4.67
일본,삿포로,Former Hokkaido Government Office Building,27,3,4.3
일본,삿포로,Sapporo Snow Festival,30,0,4.79
중국,상하이,상하이의 와이탄 (와이탄),30,0,4.8
중국,상하이,신천지,30,0,4.66
중국,상하이,번드 인터내셔널 아키텍처 익스히비션,10,0,4.58
중국,상하이,Shanghai Urban Planning Exhibition Hall,26,4,4.37
중국,상하이,Shanghai Metro,28,2,4.51
중국,상하이,상하이 세계 금융 센터,28,2,4.57
중국,상하이,상하이 역사 박물관,29,1,4.64
중국,상하이,Pudong New Area,30,0,4.72
중국,상하이,상하이 박물관,24,6,4.09
중국,상하이,중국 고속 철도,26,4,4.42
중국,상하이,난징로드,27,3,4.44
중국,상하이,상하이 서커스 월드,26,4,4.4
중국,상하이,Former French Concession,28,2,4.54
중국,상하이,상해 대한민국 임시정부 유적지,30,0,4.82
중국,베이징,만리장성,30,0,4.84
중국,베이징,이화원,30,0,4.77
중국,베이징,천안문,30,0,4.57
중국,베이징,The Great Wall at Badaling,30,0,4.74
중국,베이징,Wangfujing Street,26,4,4.31
중국,베이징,Beijing Subway,29,1,4.41
중국,베이징,천단 (티엔탄 공원),30,0,4.69
중국,베이징,경산 공원 (잉샨 꽁위엔),30,0,4.8
중국,베이징,천안문 광장,29,1,4.58
중국,베이징,고궁 박물관,28,2,4.6
중국,베이징,Beijing Tour Guide,10,0,4.85
중국,베이징,Hall of Great Harmony (Taihe Dian),30,0,4.81
중국,베이징,Beijing Walking Tours,10,0,4.82
중국,베이징,이화원 장랑,27,3,4.35
중국,베이징,798 아트 존,26,4,4.32
중국,광저우,Canton Tower,29,1,4.64
중국,광저우,Shamian Island,27,3,4.5
중국,광저우,Guangzhou Metro,10,0,4.67
중국,광저우,Huaisheng Mosque,10,0,4.67
중국,광저우,Museum of the Western Han Dynasty Mausoleum of the Nanyue King,10,0,4.67
중국,광저우,Sacred Heart Cathedral,10,0,4.58
중국,광저우,Beijing Road Ancient Avenue,9,1,4.35
중국,광저우,Beijing Road Shopping District,6,4,4.09
중국,광저우,Pearl River (Zhujiang),10,0,4.7
중국,광저우,Guangdong Museum of Art,6,4,3.97
중국,광저우,Party Pier,10,0,4.64
중국,광저우,Xiaogang park,2,0,4.65
중국,광저우,Guangdong Museum,8,2,4.37
중국,광저우,Baiyun Mountain,8,2,4.37
중국,항저우,West Lake (Xi Hu),30,0,4.64
중국,항저우,Hangzhou Songcheng,9,1,4.65
중국,항저우,QingHeFang,10,0,4.73
중국,항저우,Fei Lai Feng,10,0,4.82
중국,항저우,Pagoda of Six Harmonies,7,3,4.23
중국,항저우,Xixi Wetland Park,8,2,4.37
중국,항저우,Ping Hu Qiu Yue,10,0,4.58
중국,항저우,National Tea Museum,9,1,4.53
중국,항저우,Hangzhou Chenghuang Pagoda,10,0,4.58
중국,항저우,River square Shopping Street,1,0,4.2
중국,항저우,Gu Shan (Solitary Hill),10,0,4.67
중국,항저우,Three Pools Mirroring the Moon,10,0,4.79
중국,항저우,China National Silk Museum,10,0,4.82
캄보디아,시엠립,Pub Street,28,2,4.64
캄보디아,시엠립,Lucky Mall Siem Reap,4,6,3.61
캄보디아,시엠립,보디아 스파 시엠립,10,0,4.76
캄보디아,시엠립,Siem Reap Shuttle Tours,30,0,4.9
캄보디아,시엠립,Thai Zen Spa,10,0,4.82
캄보디아,시엠립,Mudita Spa,10,0,4.82
캄보디아,시엠립,ArtBox,8,2,4.43
캄보디아,시엠립,Psar Chaa - Old Market,10,0,4.46
캄보디아,시엠립,Heng Transport Service,9,1,4.74
캄보디아,시엠립,Helicopters Cambodia,9,1,4.65
캄보디아,시엠립,Chong Kneas Floating Village,1,9,3.05
캄보디아,시엠립,프놈 바켕,9,1,4.41
캄보디아,시엠립,반테아이 스레이,29,1,4.73
캄보디아,시엠립,Srah Srang,9,1,4.44
캄보디아,시엠립,Cambodia Private Taxi Driver,6,0,4.83
캄보디아,프놈펜,프놈펜 독립 기념탑,8,2,4.37
캄보디아,프놈펜,Angkor Spa,10,0,4.79
캄보디아,프놈펜,뚜얼 슬렝 대량학살 박물관,10,0,4.73
캄보디아,프놈펜,왓 프놈,9,1,4.38
캄보디아,프놈펜,Aeon Mall,10,0,4.64
캄보디아,프놈펜,Soma Spa,10,0,4.85
캄보디아,프놈펜,중앙 시장,6,4,4.0
캄보디아,프놈펜,로얄 팰리스,8,2,4.37
캄보디아,프놈펜,킬링 필드 (청아익),9,1,4.68
캄보디아,프놈펜,나가월드 카지노,10,0,4.82
캄보디아,프놈펜,Kuntheak Spa,10,0,4.85
캄보디아,프놈펜,Russian Market,9,1,4.29
캄보디아,프놈펜,보디아 스파 프놈펜,7,3,4.2
캄보디아,프놈펜,Phnom Tamao Wildlife Rescue Center,9,1,4.62
캄보디아,프놈펜,실버 파고다,9,1,4.5
캄보디아,시하누크빌,Golden Lion Gym,9,1,4.35
캄보디아,시하누크빌,Otres Beach,10,0,4.82
캄보디아,시하누크빌,Ochheuteal Beach,1,9,2.87
캄보디아,시하누크빌,Saracen Bay Beach,3,1,4.38
캄보디아,시하누크빌,Buddy Land Water Park,5,1,4.46
캄보디아,시하누크빌,Red Shark Charter,10,0,4.85
캄보디아,시하누크빌,Serendipity Beach,5,5,3.53
캄보디아,시하누크빌,Independence Beach,5,5,3.83
캄보디아,시하누크빌,Unique Spa,9,1,4.23
캄보디아,시하누크빌,Jasmine Spa,8,1,4.4
캄보디아,시하누크빌,Scuba Nation Diving Centre,10,0,4.85
캄보디아,시하누크빌,Kbal Chhay Waterfall,30,0,4.5
캄보디아,시하누크빌,The Party Boat,4,6,3.58
캄보디아,시하누크빌,Queenco Fitness Club and Spa,10,0,4.7
캄보디아,캄폿,Phnom Chhngok Cave Temple,6,4,4.0
캄보디아,캄폿,Butterfly Tours,10,0,4.85
캄보디아,캄폿,La Plantation,9,1,4.41
캄보디아,캄폿,Bokor National Park,6,4,4.15
캄보디아,캄폿,Climbodia,10,0,4.85
캄보디아,캄폿,Golden Hands Massage & Spa,6,4,3.88
캄보디아,캄폿,SUP Asia,10,0,4.85
캄보디아,캄폿,Old Catholic Church,10,0,4.58
캄보디아,캄폿,Kampot-Kep Tuk Tuk-Taxi Drivers,10,0,4.85
캄보디아,캄폿,Rany - The TukTuk Driver in Kampot and Kep,10,0,4.85
캄보디아,캄폿,Bokor Hill Station,2,8,3.21
캄보디아,캄폿,Popokvil Waterfall,4,6,3.67
캄보디아,캄폿,Bokor Mountain,30,0,4.74
캄보디아,캄폿,Arcadia Waterpark,30,0,4.68
캄보디아,캄폿,Teuk Chhou Rapids,30,0,4.43
캐나다,토론토,토론토 아일랜드 파크,29,1,4.64
캐나다,토론토,Hockey Hall of Fame,10,0,4.67
캐나다,토론토,Toronto City Hall,30,0,4.76
캐나다,토론토,Toronto Zoo,7,3,4.08
캐나다,토론토,로열 온타리오 박물관,29,1,4.5
캐나다,밴쿠버,밴쿠버 아쿠아리움,28,2,4.46
캐나다,밴쿠버,밴쿠버 전망대,28,2,4.56
캐나다,밴쿠버,밴쿠버 다운타운,29,1,4.74
캐나다,밴쿠버,밴쿠버 공공 도서관,30,0,4.73
캐나다,밴쿠버,스탠리 파크,30,0,4.85
캐나다,밴쿠버,스카이 트레인,30,0,4.72
캐나다,밴쿠버,퀸 엘리자베스 공원,29,1,4.74
캐나다,밴쿠버,잉글리시 베이,29,1,4.7
캐나다,밴쿠버,그라우스 마운틴,30,0,4.82
캐나다,밴쿠버,개스타운,26,4,4.33
캐나다,밴쿠버,False Creek,30,0,4.86
캐나다,밴쿠버,아쿠아버스 페리,26,4,4.47
캐나다,밴쿠버,캐나다 플레이스,29,1,4.63
캐나다,밴쿠버,키칠라노 비치,29,1,4.81
캐나다,밴쿠버,그랜빌 아일랜드,30,0,4.69
캐나다,몬트리올,Old Montreal,29,1,4.66
캐나다,몬트리올,마운트 로얄,30,0,4.77
캐나다,몬트리올,몬트리올 미술관 (Musee des Beaux-Arts),10,0,4.64
캐나다,몬트리올,노트르담 성당 (바질리키 노트르 - 담),30,0,4.77
캐나다,몬트리올,Old Port of Montreal,26,4,4.42
캐나다,몬트리올,성 요셉 대성당,30,0,4.78
캐나다,몬트리올,VIA Rail Canada Montreal Station,7,3,4.11
캐나다,몬트리올,Place des Arts,10,0,4.73
캐나다,몬트리올,Jean-Talon Market,9,1,4.65
캐나다,몬트리올,Montreal Botanical Garden,10,0,4.7
캐나다,몬트리올,Parc Jean-Drapeau,9,1,4.41
캐나다,몬트리올,McGill University,10,0,4.67
캐나다,몬트리올,Notre-Dame-de-Bon-Secours Chapel,10,0,4.61
캐나다,몬트리올,Chalet Du Mont Royal,8,2,4.43
캐나다,몬트리올,Underground City,8,2,4.34
태국,방콕,BTS 스카이트레인,30,0,4.8
태국,방콕,석가모니 열반상이 있는 사원 (왓 포),26,4,4.42
태국,방콕,카오산 로드,27,3,4.38
태국,방콕,왕궁,26,4,4.29
태국,방콕,Chatuchak Weekend Market,30,0,4.74
태국,방콕,시암 파라곤,28,2,4.65
태국,방콕,에메랄드 사원 (왓 프라깨우),26,4,4.45
태국,방콕,Asiatique The Riverfront,23,7,4.1
태국,방콕,룸피니 공원,28,2,4.6
태국,방콕,짐 톰슨 하우스,29,1,4.59
태국,방콕,Airport Rail Link,30,0,4.75
태국,방콕,차오프라야 강,29,1,4.7
태국,방콕,새벽 사원 (왓 아룬),30,0,4.8
태국,방콕,Retreat on VITAYU,30,0,4.87
태국,방콕,방콕 문화 예술 센터,30,0,4.71
태국,푸켓,Banana Beach,30,0,4.88
태국,푸켓,푸켓 빅 부다,29,1,4.65
태국,푸켓,오리엔탈 드 푸켓,28,2,4.56
태국,푸켓,푸켓 사이먼 쇼,26,4,4.21
태국,푸켓,방라 로드,16,14,3.47
태국,푸켓,Patong Beach,23,7,3.98
태국,푸켓,정실론,22,8,4.03
태국,푸켓,왓찰롱,26,4,4.33
태국,푸켓,카타 비치,30,0,4.79
태국,푸켓,일요일 산책로 시장(랏야이),8,2,4.49
태국,푸켓,Nai Harn Beach,30,0,4.71
태국,푸켓,Old Phuket Town,27,3,4.55
태국,푸켓,Freedom Beach,24,6,4.3
태국,치앙마이,Night Bazaar,18,12,3.51
태국,치앙마이,왓 체디 루앙,30,0,4.74
태국,치앙마이,Wat Phra Singh,30,0,4.72
태국,치앙마이,Wat Phra That Doi Kham (Temple of the Golden Mountain),27,3,4.58
태국,치앙마이,기빙트리,30,0,4.84
태국,치앙마이,Tha Phae Gate,25,5,4.14
태국,치앙마이,Anantara Spa,10,0,4.85
태국,치앙마이,Zira Spa,28,2,4.65
태국,치앙마이,Zabb E Lee Thai Cooking School Chiangmai By Anne,29,1,4.79
태국,치앙마이,Maya Lifestyle Shopping Center,25,5,4.27
태국,치앙마이,Old Chiangmai Cultural Center,9,1,4.44
태국,파타야,워킹 스트리트 파타야,18,12,3.54
태국,파타야,파타야 비치,18,12,3.47
태국,파타야,파타야 수상 시장,18,12,3.52
태국,파타야,CentralFestival Pattaya Beach,28,2,4.59
태국,파타야,엘리펀트 빌리지 파타야,12,18,3.14
태국,파타야,진리의 성전,30,0,4.68
태국,파타야,Koh Larn,30,0,4.72
태국,파타야,Grace Spa,30,0,4.89
태국,파타야,좀티엔 비치,28,2,4.39
태국,파타야,빅 부다,24,6,4.15
태국,파타야,Airport Pattaya Bus,25,5,4.34
태국,파타야,Beach road,25,5,4.14
태국,파타야,파타야 워터 파크,8,2,4.19
터키,이스탄불,Aya Sofya Müzesi / Kilisesi,29,1,4.78
터키,이스탄불,이스탄불 역사 지구,30,0,4.81
터키,이스탄불,술탄아흐메트 지구,30,0,4.86
터키,이스탄불,블루 모스크 (술탄 아흐멧 모스크),25,5,4.16
터키,이스탄불,이스탄불 현대 미술관,28,2,4.54
터키,이스탄불,지하 궁전,24,6,4.13
터키,이스탄불,쉴레이마니예 모스크,30,0,4.8
터키,이스탄불,갈라타 타워,28,2,4.53
터키,이스탄불,보스포루스 해협,30,0,4.83
터키,이스탄불,굴하네 파크,27,3,4.36
터키,이스탄불,루멜리 성채,30,0,4.82
터키,이스탄불,톱카프 궁전,29,1,4.73
터키,이스탄불,돌마바흐체 궁전,30,0,4.8
터키,이스탄불,Sultanahmet Square,29,1,4.64
터키,이스탄불,이스티크랄 거리,28,2,4.51
터키,괴레메,괴레메 야외 박물관,30,0,4.77
터키,괴레메,괴레메 국립 공원,30,0,4.82
터키,괴레메,Fairy Chimneys,30,0,4.82
터키,괴레메,Sunset Point,29,1,4.77
터키,괴레메,피존 밸리,27,3,4.43
터키,괴레메,Love Valley,30,0,4.74
터키,괴레메,Goreme Panorama,9,1,4.65
터키,괴레메,로즈 밸리,30,0,4.76
터키,괴레메,Camel Rock,30,0,4.6
터키,괴레메,Rose Valley,10,0,4.79
터키,괴레메,Cappadocia Life Travel,10,0,4.85
터키,괴레메,Village Dowry Carpets - Cappadocia,10,0,4.85
필리핀,보라카이,화이트 비치,30,0,4.87
필리핀,보라카이,D'Mall,28,2,4.51
필리핀,보라카이,Red Whale Boracay,10,0,4.85
필리핀,보라카이,Crystal Cove Island,26,4,4.14
필리핀,보라카이,루호산,24,6,4.18
필리핀,보라카이,윌리스 록,26,4,4.35
필리핀,보라카이,불라복 비치,29,1,4.38
필리핀,보라카이,Fisheye Divers,10,0,4.85
필리핀,보라카이,야팍 비치,30,0,4.68
필리핀,보라카이,Funfun Boracay,2,0,4.65
필리핀,보라카이,디니위드 비치,26,4,4.4
필리핀,보라카이,iSite Boracay,10,0,4.7
필리핀,보라카이,WaterColors Boracay Diving Adventures,30,0,4.91
필리핀,보라카이,티르타 스파,8,2,4.52
필리핀,마닐라,마닐라 베이,24,6,4.11
필리핀,마닐라,마닐라 오션 파크,20,10,3.66
필리핀,마닐라,마닐라 대성당,30,0,4.63
필리핀,마닐라,인트라무로스,28,2,4.45
필리핀,마닐라,산 아구스틴 교회,29,1,4.6
필리핀,마닐라,SM Mall of Asia,30,0,4.66
필리핀,마닐라,산티아고 요새,26,4,4.28
필리핀,마닐라,리살 공원,25,5,4.18
필리핀,마닐라,Bonifacio Global City,10,0,4.76
필리핀,마닐라,Malate District,9,1,4.26
필리핀,마닐라,Venice Grand Canal Mall,7,3,4.32
필리핀,마닐라,산 아구스틴 박물관,29,1,4.59
필리핀,마닐라,Roxas Boulevard,5,5,3.77
필리핀,마닐라,그린벨트 파크,30,0,4.79
필리핀,마카티,그린벨트 파크,30,0,4.79
필리핀,마닐라,아얄라 박물관,9,1,4.56
필리핀,마카티,아얄라 박물관,9,1,4.56
필리핀,세부,Ayala Center Cebu,26,4,4.33
필리핀,세부,Santo Nino Bazilikası,26,4,4.35
필리핀,세부,Tops Lookout,29,1,4.55
필리핀,세부,Gold Moon Spa,30,0,4.91
필리핀,세부,Taoist Temple,28,2,4.48
필리핀,세부,Fort San Pedro,29,1,4.51
필리핀,세부,Magellan's Cross,27,3,4.31
필리핀,세부,SM City Cebu,29,1,4.59
필리핀,세부,Marcelo Fernan Bridge,28,2,4.46
필리핀,세부,Oslob Whale Sharks,30,0,4.82
필리핀,세부,Lapu Lapu Statue,24,6,4.14
필리핀,세부,Cebu Top,2,0,4.5
필리핀,세부,Osmena Peak,10,0,4.67
필리핀,세부,Nature Wellness Massage & Spa,10,0,4.85
필리핀,세부,카라스파,10,0,4.73
필리핀,마카티,Ayala Triangle Gardens,10,0,4.7
필리핀,마카티,Ayala Center,9,1,4.53
필리핀,마카티,Greenbelt Mall,30,0,4.65
필리핀,마카티,Caracol Festival,1,0,4.8
필리핀,마카티,P Burgos Street,7,3,4.05
필리핀,마카티,Asian Massage,7,3,4.17
필리핀,마카티,Museo Ng Makati,2,3,3.66
필리핀,마카티,I'M Onsen Spa,5,5,3.83
홍콩,홍콩,빅토리아 피크,27,3,4.57
홍콩,홍콩,스타 페리,30,0,4.72
홍콩,홍콩,홍콩 디즈니랜드,28,2,4.53
홍콩,홍콩,피크 트램,29,1,4.61
홍콩,홍콩,MTR,30,0,4.68
홍콩,홍콩,침사추이 산책로,29,1,4.57
홍콩,홍콩,미드 레벨 에스컬레이터,27,3,4.35
홍콩,홍콩,홍콩 스카이라인,30,0,4.76
홍콩,홍콩,Airport Express,30,0,4.83
홍콩,홍콩,몽콕,20,10,3.72
홍콩,홍콩,이층 케이블 카,30,0,4.62
홍콩,홍콩,홍콩 과학 박물관,29,1,4.67
홍콩,홍콩,홍콩 공원,29,1,4.59
